bytes,content-type,elapsed,endpoint,resource,status,entry-date,start-date,end-date
80386531,application/json,5.647,372060f99be12123dfc701557105d0d78110e039a3830147e6b0e40c21b814fa,0e6f64c2d40a661a0fd4a2440433df480cacdc57f86d84bfd52d27b6960218a3,200,2021-01-22T14:08:52.942325,,
80386531,application/json,3.3,372060f99be12123dfc701557105d0d78110e039a3830147e6b0e40c21b814fa,0e6f64c2d40a661a0fd4a2440433df480cacdc57f86d84bfd52d27b6960218a3,200,2021-01-23T00:56:43.270151,,
80386531,application/json,22.36,372060f99be12123dfc701557105d0d78110e039a3830147e6b0e40c21b814fa,0e6f64c2d40a661a0fd4a2440433df480cacdc57f86d84bfd52d27b6960218a3,200,2021-01-24T00:56:07.304162,,
80386531,application/json,2.987,372060f99be12123dfc701557105d0d78110e039a3830147e6b0e40c21b814fa,0e6f64c2d40a661a0fd4a2440433df480cacdc57f86d84bfd52d27b6960218a3,200,2021-01-25T00:56:22.331433,,
80386531,application/json,3.033,372060f99be12123dfc701557105d0d78110e039a3830147e6b0e40c21b814fa,0e6f64c2d40a661a0fd4a2440433df480cacdc57f86d84bfd52d27b6960218a3,200,2021-01-26T00:27:09.996123,,
80386531,application/json,3.435,372060f99be12123dfc701557105d0d78110e039a3830147e6b0e40c21b814fa,0e6f64c2d40a661a0fd4a2440433df480cacdc57f86d84bfd52d27b6960218a3,200,2021-01-27T00:25:17.477264,,
80386531,application/json,23.092,372060f99be12123dfc701557105d0d78110e039a3830147e6b0e40c21b814fa,0e6f64c2d40a661a0fd4a2440433df480cacdc57f86d84bfd52d27b6960218a3,200,2021-01-28T00:27:24.629812,,
80386531,application/json,3.766,372060f99be12123dfc701557105d0d78110e039a3830147e6b0e40c21b814fa,0e6f64c2d40a661a0fd4a2440433df480cacdc57f86d84bfd52d27b6960218a3,200,2021-01-29T00:25:32.874260,,
80386534,application/json,3.504,372060f99be12123dfc701557105d0d78110e039a3830147e6b0e40c21b814fa,aac324529ce451f4c8c9c6fe862780f689a14aa0b4f445a836f50c091618b754,200,2021-01-30T00:26:00.634507,,
80386534,application/json,28.731,372060f99be12123dfc701557105d0d78110e039a3830147e6b0e40c21b814fa,aac324529ce451f4c8c9c6fe862780f689a14aa0b4f445a836f50c091618b754,200,2021-01-31T00:27:31.605400,,
80386534,application/json,22.934,372060f99be12123dfc701557105d0d78110e039a3830147e6b0e40c21b814fa,aac324529ce451f4c8c9c6fe862780f689a14aa0b4f445a836f50c091618b754,200,2021-02-01T00:28:03.773618,,
80386534,application/json,3.947,372060f99be12123dfc701557105d0d78110e039a3830147e6b0e40c21b814fa,aac324529ce451f4c8c9c6fe862780f689a14aa0b4f445a836f50c091618b754,200,2021-02-02T00:27:24.484333,,
80386534,application/json,3.7,372060f99be12123dfc701557105d0d78110e039a3830147e6b0e40c21b814fa,aac324529ce451f4c8c9c6fe862780f689a14aa0b4f445a836f50c091618b754,200,2021-02-03T00:22:35.095975,,
80386510,application/json,24.444,372060f99be12123dfc701557105d0d78110e039a3830147e6b0e40c21b814fa,bd921c9e4af17cbd6b5b9157178b4cf44945856d6d684ca6845b2d9f973ae902,200,2021-02-06T00:20:46.977591,,
80386510,application/json,2.838,372060f99be12123dfc701557105d0d78110e039a3830147e6b0e40c21b814fa,bd921c9e4af17cbd6b5b9157178b4cf44945856d6d684ca6845b2d9f973ae902,200,2021-02-07T00:21:33.150274,,
80386510,application/json,3.406,372060f99be12123dfc701557105d0d78110e039a3830147e6b0e40c21b814fa,bd921c9e4af17cbd6b5b9157178b4cf44945856d6d684ca6845b2d9f973ae902,200,2021-02-08T00:20:55.663580,,
80386510,application/json,23.136,372060f99be12123dfc701557105d0d78110e039a3830147e6b0e40c21b814fa,bd921c9e4af17cbd6b5b9157178b4cf44945856d6d684ca6845b2d9f973ae902,200,2021-02-09T00:20:55.634438,,
80386510,application/json,3.364,372060f99be12123dfc701557105d0d78110e039a3830147e6b0e40c21b814fa,bd921c9e4af17cbd6b5b9157178b4cf44945856d6d684ca6845b2d9f973ae902,200,2021-02-10T00:21:09.009986,,
80386510,application/json,3.553,372060f99be12123dfc701557105d0d78110e039a3830147e6b0e40c21b814fa,bd921c9e4af17cbd6b5b9157178b4cf44945856d6d684ca6845b2d9f973ae902,200,2021-02-11T00:21:10.598410,,
80386510,application/json,3.58,372060f99be12123dfc701557105d0d78110e039a3830147e6b0e40c21b814fa,bd921c9e4af17cbd6b5b9157178b4cf44945856d6d684ca6845b2d9f973ae902,200,2021-02-12T00:21:13.676139,,
80386510,application/json,22.41,372060f99be12123dfc701557105d0d78110e039a3830147e6b0e40c21b814fa,bd921c9e4af17cbd6b5b9157178b4cf44945856d6d684ca6845b2d9f973ae902,200,2021-02-13T00:21:08.890864,,
80386510,application/json,3.204,372060f99be12123dfc701557105d0d78110e039a3830147e6b0e40c21b814fa,bd921c9e4af17cbd6b5b9157178b4cf44945856d6d684ca6845b2d9f973ae902,200,2021-02-14T00:22:19.662572,,
80386510,application/json,3.057,372060f99be12123dfc701557105d0d78110e039a3830147e6b0e40c21b814fa,bd921c9e4af17cbd6b5b9157178b4cf44945856d6d684ca6845b2d9f973ae902,200,2021-02-15T00:21:36.436060,,
80386510,application/json,3.604,372060f99be12123dfc701557105d0d78110e039a3830147e6b0e40c21b814fa,bd921c9e4af17cbd6b5b9157178b4cf44945856d6d684ca6845b2d9f973ae902,200,2021-02-16T00:21:20.021153,,
80386510,application/json,3.154,372060f99be12123dfc701557105d0d78110e039a3830147e6b0e40c21b814fa,bd921c9e4af17cbd6b5b9157178b4cf44945856d6d684ca6845b2d9f973ae902,200,2021-02-17T00:21:12.746347,,
80386510,application/json,24.519,372060f99be12123dfc701557105d0d78110e039a3830147e6b0e40c21b814fa,bd921c9e4af17cbd6b5b9157178b4cf44945856d6d684ca6845b2d9f973ae902,200,2021-02-18T00:21:55.202906,,
80386510,application/json,3.051,372060f99be12123dfc701557105d0d78110e039a3830147e6b0e40c21b814fa,bd921c9e4af17cbd6b5b9157178b4cf44945856d6d684ca6845b2d9f973ae902,200,2021-02-19T00:21:17.598011,,
80386510,application/json,25.668,372060f99be12123dfc701557105d0d78110e039a3830147e6b0e40c21b814fa,bd921c9e4af17cbd6b5b9157178b4cf44945856d6d684ca6845b2d9f973ae902,200,2021-02-20T00:21:14.701011,,
80386510,application/json,2.884,372060f99be12123dfc701557105d0d78110e039a3830147e6b0e40c21b814fa,bd921c9e4af17cbd6b5b9157178b4cf44945856d6d684ca6845b2d9f973ae902,200,2021-02-21T00:22:33.518935,,
80386510,application/json,27.645,372060f99be12123dfc701557105d0d78110e039a3830147e6b0e40c21b814fa,bd921c9e4af17cbd6b5b9157178b4cf44945856d6d684ca6845b2d9f973ae902,200,2021-02-22T00:22:30.074549,,
80386510,application/json,3.701,372060f99be12123dfc701557105d0d78110e039a3830147e6b0e40c21b814fa,bd921c9e4af17cbd6b5b9157178b4cf44945856d6d684ca6845b2d9f973ae902,200,2021-02-23T00:21:34.317584,,
80386510,application/json,27.632,372060f99be12123dfc701557105d0d78110e039a3830147e6b0e40c21b814fa,bd921c9e4af17cbd6b5b9157178b4cf44945856d6d684ca6845b2d9f973ae902,200,2021-02-24T00:21:52.461060,,
80386510,application/json,24.699,372060f99be12123dfc701557105d0d78110e039a3830147e6b0e40c21b814fa,bd921c9e4af17cbd6b5b9157178b4cf44945856d6d684ca6845b2d9f973ae902,200,2021-02-25T00:21:33.675520,,
80386510,application/json,4.032,372060f99be12123dfc701557105d0d78110e039a3830147e6b0e40c21b814fa,bd921c9e4af17cbd6b5b9157178b4cf44945856d6d684ca6845b2d9f973ae902,200,2021-02-26T00:21:53.017005,,
80386510,application/json,25.167,372060f99be12123dfc701557105d0d78110e039a3830147e6b0e40c21b814fa,bd921c9e4af17cbd6b5b9157178b4cf44945856d6d684ca6845b2d9f973ae902,200,2021-02-27T00:21:51.771384,,
80386510,application/json,3.639,372060f99be12123dfc701557105d0d78110e039a3830147e6b0e40c21b814fa,bd921c9e4af17cbd6b5b9157178b4cf44945856d6d684ca6845b2d9f973ae902,200,2021-02-28T00:23:25.181058,,
80386510,application/json,3.652,372060f99be12123dfc701557105d0d78110e039a3830147e6b0e40c21b814fa,bd921c9e4af17cbd6b5b9157178b4cf44945856d6d684ca6845b2d9f973ae902,200,2021-03-01T00:23:29.335477,,
80386510,application/json,3.905,372060f99be12123dfc701557105d0d78110e039a3830147e6b0e40c21b814fa,bd921c9e4af17cbd6b5b9157178b4cf44945856d6d684ca6845b2d9f973ae902,200,2021-03-02T00:18:54.535248,,
80386510,application/json,28.684,372060f99be12123dfc701557105d0d78110e039a3830147e6b0e40c21b814fa,bd921c9e4af17cbd6b5b9157178b4cf44945856d6d684ca6845b2d9f973ae902,200,2021-03-03T00:21:55.940256,,
80386510,application/json,4.279,372060f99be12123dfc701557105d0d78110e039a3830147e6b0e40c21b814fa,bd921c9e4af17cbd6b5b9157178b4cf44945856d6d684ca6845b2d9f973ae902,200,2021-03-04T00:21:55.266139,,
80386510,application/json,3.821,372060f99be12123dfc701557105d0d78110e039a3830147e6b0e40c21b814fa,bd921c9e4af17cbd6b5b9157178b4cf44945856d6d684ca6845b2d9f973ae902,200,2021-03-05T00:22:42.965088,,
80386510,application/json,24.473,372060f99be12123dfc701557105d0d78110e039a3830147e6b0e40c21b814fa,bd921c9e4af17cbd6b5b9157178b4cf44945856d6d684ca6845b2d9f973ae902,200,2021-03-06T00:22:18.572407,,
80386510,application/json,3.19,372060f99be12123dfc701557105d0d78110e039a3830147e6b0e40c21b814fa,bd921c9e4af17cbd6b5b9157178b4cf44945856d6d684ca6845b2d9f973ae902,200,2021-03-07T00:23:43.687060,,
80386510,application/json,4.118,372060f99be12123dfc701557105d0d78110e039a3830147e6b0e40c21b814fa,bd921c9e4af17cbd6b5b9157178b4cf44945856d6d684ca6845b2d9f973ae902,200,2021-03-08T00:22:48.790541,,
80386510,application/json,26.315,372060f99be12123dfc701557105d0d78110e039a3830147e6b0e40c21b814fa,bd921c9e4af17cbd6b5b9157178b4cf44945856d6d684ca6845b2d9f973ae902,200,2021-03-09T00:22:45.957340,,
80386510,application/json,25.751,372060f99be12123dfc701557105d0d78110e039a3830147e6b0e40c21b814fa,bd921c9e4af17cbd6b5b9157178b4cf44945856d6d684ca6845b2d9f973ae902,200,2021-03-10T00:22:29.434605,,
80386510,application/json,25.253,372060f99be12123dfc701557105d0d78110e039a3830147e6b0e40c21b814fa,bd921c9e4af17cbd6b5b9157178b4cf44945856d6d684ca6845b2d9f973ae902,200,2021-03-11T00:23:43.705680,,
80386510,application/json,3.582,372060f99be12123dfc701557105d0d78110e039a3830147e6b0e40c21b814fa,bd921c9e4af17cbd6b5b9157178b4cf44945856d6d684ca6845b2d9f973ae902,200,2021-03-12T00:23:49.727939,,
80386510,application/json,3.816,372060f99be12123dfc701557105d0d78110e039a3830147e6b0e40c21b814fa,bd921c9e4af17cbd6b5b9157178b4cf44945856d6d684ca6845b2d9f973ae902,200,2021-03-13T00:24:21.190203,,
80386510,application/json,27.606,372060f99be12123dfc701557105d0d78110e039a3830147e6b0e40c21b814fa,bd921c9e4af17cbd6b5b9157178b4cf44945856d6d684ca6845b2d9f973ae902,200,2021-03-14T00:24:49.501218,,
80386510,application/json,3.546,372060f99be12123dfc701557105d0d78110e039a3830147e6b0e40c21b814fa,bd921c9e4af17cbd6b5b9157178b4cf44945856d6d684ca6845b2d9f973ae902,200,2021-03-15T00:24:15.663370,,
80386510,application/json,24.03,372060f99be12123dfc701557105d0d78110e039a3830147e6b0e40c21b814fa,bd921c9e4af17cbd6b5b9157178b4cf44945856d6d684ca6845b2d9f973ae902,200,2021-03-16T00:23:29.164222,,
80386510,application/json,3.26,372060f99be12123dfc701557105d0d78110e039a3830147e6b0e40c21b814fa,bd921c9e4af17cbd6b5b9157178b4cf44945856d6d684ca6845b2d9f973ae902,200,2021-03-17T00:24:03.437480,,
80386510,application/json,25.226,372060f99be12123dfc701557105d0d78110e039a3830147e6b0e40c21b814fa,bd921c9e4af17cbd6b5b9157178b4cf44945856d6d684ca6845b2d9f973ae902,200,2021-03-18T00:23:51.352433,,
80386510,application/json,4.208,372060f99be12123dfc701557105d0d78110e039a3830147e6b0e40c21b814fa,bd921c9e4af17cbd6b5b9157178b4cf44945856d6d684ca6845b2d9f973ae902,200,2021-03-19T00:24:35.793569,,
80386510,application/json,25.723,372060f99be12123dfc701557105d0d78110e039a3830147e6b0e40c21b814fa,bd921c9e4af17cbd6b5b9157178b4cf44945856d6d684ca6845b2d9f973ae902,200,2021-03-20T00:23:44.786240,,
80386510,application/json,2.761,372060f99be12123dfc701557105d0d78110e039a3830147e6b0e40c21b814fa,bd921c9e4af17cbd6b5b9157178b4cf44945856d6d684ca6845b2d9f973ae902,200,2021-03-21T00:25:15.951642,,
80386510,application/json,2.972,372060f99be12123dfc701557105d0d78110e039a3830147e6b0e40c21b814fa,bd921c9e4af17cbd6b5b9157178b4cf44945856d6d684ca6845b2d9f973ae902,200,2021-03-22T00:29:06.801156,,
80386510,application/json,4.067,372060f99be12123dfc701557105d0d78110e039a3830147e6b0e40c21b814fa,bd921c9e4af17cbd6b5b9157178b4cf44945856d6d684ca6845b2d9f973ae902,200,2021-03-23T00:24:19.496630,,
80386510,application/json,3.64,372060f99be12123dfc701557105d0d78110e039a3830147e6b0e40c21b814fa,bd921c9e4af17cbd6b5b9157178b4cf44945856d6d684ca6845b2d9f973ae902,200,2021-03-24T00:24:33.216434,,
311,application/json; charset=utf-8,0.196,a356bc4a708513f9bcc6bbdd888b643dd8f47ae2da5683a6c39d4c0ab2f22cbd,,202,2021-03-24T12:45:48.457757,,
80386510,application/json,31.196,372060f99be12123dfc701557105d0d78110e039a3830147e6b0e40c21b814fa,bd921c9e4af17cbd6b5b9157178b4cf44945856d6d684ca6845b2d9f973ae902,200,2021-03-25T00:12:57.942125,,
249,application/json; charset=utf-8,0.451,a356bc4a708513f9bcc6bbdd888b643dd8f47ae2da5683a6c39d4c0ab2f22cbd,,202,2021-03-25T00:12:57.942125,,
80386510,application/json,3.31,372060f99be12123dfc701557105d0d78110e039a3830147e6b0e40c21b814fa,bd921c9e4af17cbd6b5b9157178b4cf44945856d6d684ca6845b2d9f973ae902,200,2021-03-26T00:12:23.028527,,
249,application/json; charset=utf-8,0.338,a356bc4a708513f9bcc6bbdd888b643dd8f47ae2da5683a6c39d4c0ab2f22cbd,,202,2021-03-26T00:12:23.028527,,
80386510,application/json,3.324,372060f99be12123dfc701557105d0d78110e039a3830147e6b0e40c21b814fa,bd921c9e4af17cbd6b5b9157178b4cf44945856d6d684ca6845b2d9f973ae902,200,2021-03-27T00:09:58.300787,,
249,application/json; charset=utf-8,0.456,a356bc4a708513f9bcc6bbdd888b643dd8f47ae2da5683a6c39d4c0ab2f22cbd,,202,2021-03-27T00:09:58.300787,,
,,29.084,372060f99be12123dfc701557105d0d78110e039a3830147e6b0e40c21b814fa,,,2021-03-28T00:10:40.584869,,
249,application/json; charset=utf-8,0.427,a356bc4a708513f9bcc6bbdd888b643dd8f47ae2da5683a6c39d4c0ab2f22cbd,,202,2021-03-28T00:10:40.584869,,
80386510,application/json,3.998,372060f99be12123dfc701557105d0d78110e039a3830147e6b0e40c21b814fa,bd921c9e4af17cbd6b5b9157178b4cf44945856d6d684ca6845b2d9f973ae902,200,2021-03-29T00:11:05.459692,,
249,application/json; charset=utf-8,0.964,a356bc4a708513f9bcc6bbdd888b643dd8f47ae2da5683a6c39d4c0ab2f22cbd,,202,2021-03-29T00:11:05.459692,,
80386510,application/json,26.424,372060f99be12123dfc701557105d0d78110e039a3830147e6b0e40c21b814fa,bd921c9e4af17cbd6b5b9157178b4cf44945856d6d684ca6845b2d9f973ae902,200,2021-03-30T00:10:14.942514,,
249,application/json; charset=utf-8,0.439,a356bc4a708513f9bcc6bbdd888b643dd8f47ae2da5683a6c39d4c0ab2f22cbd,,202,2021-03-30T00:10:14.942514,,
80386510,application/json,25.873,372060f99be12123dfc701557105d0d78110e039a3830147e6b0e40c21b814fa,bd921c9e4af17cbd6b5b9157178b4cf44945856d6d684ca6845b2d9f973ae902,200,2021-03-31T00:08:56.549591,,
249,application/json; charset=utf-8,0.437,a356bc4a708513f9bcc6bbdd888b643dd8f47ae2da5683a6c39d4c0ab2f22cbd,,202,2021-03-31T00:08:56.549591,,
80386510,application/json,4.354,372060f99be12123dfc701557105d0d78110e039a3830147e6b0e40c21b814fa,bd921c9e4af17cbd6b5b9157178b4cf44945856d6d684ca6845b2d9f973ae902,200,2021-04-01T00:11:31.594157,,
249,application/json; charset=utf-8,0.454,a356bc4a708513f9bcc6bbdd888b643dd8f47ae2da5683a6c39d4c0ab2f22cbd,,202,2021-04-01T00:11:31.594157,,
80386510,application/json,25.098,372060f99be12123dfc701557105d0d78110e039a3830147e6b0e40c21b814fa,bd921c9e4af17cbd6b5b9157178b4cf44945856d6d684ca6845b2d9f973ae902,200,2021-04-02T00:16:57.825160,,
249,application/json; charset=utf-8,0.565,a356bc4a708513f9bcc6bbdd888b643dd8f47ae2da5683a6c39d4c0ab2f22cbd,,202,2021-04-02T00:16:57.825160,,
80386510,application/json,3.149,372060f99be12123dfc701557105d0d78110e039a3830147e6b0e40c21b814fa,bd921c9e4af17cbd6b5b9157178b4cf44945856d6d684ca6845b2d9f973ae902,200,2021-04-03T00:10:38.945730,,
249,application/json; charset=utf-8,0.302,a356bc4a708513f9bcc6bbdd888b643dd8f47ae2da5683a6c39d4c0ab2f22cbd,,202,2021-04-03T00:10:38.945730,,
80386510,application/json,2.705,372060f99be12123dfc701557105d0d78110e039a3830147e6b0e40c21b814fa,bd921c9e4af17cbd6b5b9157178b4cf44945856d6d684ca6845b2d9f973ae902,200,2021-04-04T00:16:06.624634,,
249,application/json; charset=utf-8,0.304,a356bc4a708513f9bcc6bbdd888b643dd8f47ae2da5683a6c39d4c0ab2f22cbd,,202,2021-04-04T00:16:06.624634,,
80386510,application/json,27.168,372060f99be12123dfc701557105d0d78110e039a3830147e6b0e40c21b814fa,bd921c9e4af17cbd6b5b9157178b4cf44945856d6d684ca6845b2d9f973ae902,200,2021-04-05T00:11:49.026129,,
249,application/json; charset=utf-8,0.382,a356bc4a708513f9bcc6bbdd888b643dd8f47ae2da5683a6c39d4c0ab2f22cbd,,202,2021-04-05T00:11:49.026129,,
80386510,application/json,24.936,372060f99be12123dfc701557105d0d78110e039a3830147e6b0e40c21b814fa,bd921c9e4af17cbd6b5b9157178b4cf44945856d6d684ca6845b2d9f973ae902,200,2021-04-06T00:11:04.534489,,
249,application/json; charset=utf-8,0.324,a356bc4a708513f9bcc6bbdd888b643dd8f47ae2da5683a6c39d4c0ab2f22cbd,,202,2021-04-06T00:11:04.534489,,
80386510,application/json,3.458,372060f99be12123dfc701557105d0d78110e039a3830147e6b0e40c21b814fa,bd921c9e4af17cbd6b5b9157178b4cf44945856d6d684ca6845b2d9f973ae902,200,2021-04-07T00:10:57.410267,,
249,application/json; charset=utf-8,0.279,a356bc4a708513f9bcc6bbdd888b643dd8f47ae2da5683a6c39d4c0ab2f22cbd,,202,2021-04-07T00:10:57.410267,,
80386510,application/json,4.5,372060f99be12123dfc701557105d0d78110e039a3830147e6b0e40c21b814fa,bd921c9e4af17cbd6b5b9157178b4cf44945856d6d684ca6845b2d9f973ae902,200,2021-04-08T00:12:39.356681,,
249,application/json; charset=utf-8,0.519,a356bc4a708513f9bcc6bbdd888b643dd8f47ae2da5683a6c39d4c0ab2f22cbd,,202,2021-04-08T00:12:39.356681,,
80386510,application/json,31.923,372060f99be12123dfc701557105d0d78110e039a3830147e6b0e40c21b814fa,bd921c9e4af17cbd6b5b9157178b4cf44945856d6d684ca6845b2d9f973ae902,200,2021-04-09T00:11:21.932256,,
249,application/json; charset=utf-8,2.983,a356bc4a708513f9bcc6bbdd888b643dd8f47ae2da5683a6c39d4c0ab2f22cbd,,202,2021-04-09T00:11:21.932256,,
80386510,application/json,25.527,372060f99be12123dfc701557105d0d78110e039a3830147e6b0e40c21b814fa,bd921c9e4af17cbd6b5b9157178b4cf44945856d6d684ca6845b2d9f973ae902,200,2021-04-10T00:11:15.538554,,
249,application/json; charset=utf-8,0.618,a356bc4a708513f9bcc6bbdd888b643dd8f47ae2da5683a6c39d4c0ab2f22cbd,,202,2021-04-10T00:11:15.538554,,
80396563,application/json,32.62,372060f99be12123dfc701557105d0d78110e039a3830147e6b0e40c21b814fa,bd921c9e4af17cbd6b5b9157178b4cf44945856d6d684ca6845b2d9f973ae902,200,2021-04-11T00:12:19.044386,,
219,application/json; charset=utf-8,0.273,a356bc4a708513f9bcc6bbdd888b643dd8f47ae2da5683a6c39d4c0ab2f22cbd,,202,2021-04-11T00:12:19.044386,,
80396563,application/json,3.029,372060f99be12123dfc701557105d0d78110e039a3830147e6b0e40c21b814fa,bd921c9e4af17cbd6b5b9157178b4cf44945856d6d684ca6845b2d9f973ae902,200,2021-04-12T00:11:30.360421,,
249,application/json; charset=utf-8,0.253,a356bc4a708513f9bcc6bbdd888b643dd8f47ae2da5683a6c39d4c0ab2f22cbd,,202,2021-04-12T00:11:30.360421,,
80396563,application/json,3.975,372060f99be12123dfc701557105d0d78110e039a3830147e6b0e40c21b814fa,bd921c9e4af17cbd6b5b9157178b4cf44945856d6d684ca6845b2d9f973ae902,200,2021-04-13T00:11:55.940231,,
249,application/json; charset=utf-8,0.295,a356bc4a708513f9bcc6bbdd888b643dd8f47ae2da5683a6c39d4c0ab2f22cbd,,202,2021-04-13T00:11:55.940231,,
80386510,application/json,24.673,372060f99be12123dfc701557105d0d78110e039a3830147e6b0e40c21b814fa,bd921c9e4af17cbd6b5b9157178b4cf44945856d6d684ca6845b2d9f973ae902,200,2021-04-14T00:10:11.514973,,
249,application/json; charset=utf-8,0.39,a356bc4a708513f9bcc6bbdd888b643dd8f47ae2da5683a6c39d4c0ab2f22cbd,,202,2021-04-14T00:10:11.514973,,
80396563,application/json,24.182,372060f99be12123dfc701557105d0d78110e039a3830147e6b0e40c21b814fa,bd921c9e4af17cbd6b5b9157178b4cf44945856d6d684ca6845b2d9f973ae902,200,2021-04-15T00:11:01.094709,,
79393839,application/json,3.419,a356bc4a708513f9bcc6bbdd888b643dd8f47ae2da5683a6c39d4c0ab2f22cbd,fd689f1adfdaf3e4aa24d706a5e7193d46b8fde573b2d4a130ceeb872aa7d149,200,2021-04-15T00:11:01.094709,,
80396563,application/json,3.137,372060f99be12123dfc701557105d0d78110e039a3830147e6b0e40c21b814fa,bd921c9e4af17cbd6b5b9157178b4cf44945856d6d684ca6845b2d9f973ae902,200,2021-04-16T00:09:44.657570,,
79393839,application/json,3.492,a356bc4a708513f9bcc6bbdd888b643dd8f47ae2da5683a6c39d4c0ab2f22cbd,fd689f1adfdaf3e4aa24d706a5e7193d46b8fde573b2d4a130ceeb872aa7d149,200,2021-04-16T00:09:44.657570,,
80396563,application/json,3.202,372060f99be12123dfc701557105d0d78110e039a3830147e6b0e40c21b814fa,bd921c9e4af17cbd6b5b9157178b4cf44945856d6d684ca6845b2d9f973ae902,200,2021-04-17T00:10:46.101714,,
79393839,application/json,3.148,a356bc4a708513f9bcc6bbdd888b643dd8f47ae2da5683a6c39d4c0ab2f22cbd,fd689f1adfdaf3e4aa24d706a5e7193d46b8fde573b2d4a130ceeb872aa7d149,200,2021-04-17T00:10:46.101714,,
80396563,application/json,3.837,372060f99be12123dfc701557105d0d78110e039a3830147e6b0e40c21b814fa,bd921c9e4af17cbd6b5b9157178b4cf44945856d6d684ca6845b2d9f973ae902,200,2021-04-18T00:10:49.956399,,
79393839,application/json,3.088,a356bc4a708513f9bcc6bbdd888b643dd8f47ae2da5683a6c39d4c0ab2f22cbd,fd689f1adfdaf3e4aa24d706a5e7193d46b8fde573b2d4a130ceeb872aa7d149,200,2021-04-18T00:10:49.956399,,
80396563,application/json,3.003,372060f99be12123dfc701557105d0d78110e039a3830147e6b0e40c21b814fa,bd921c9e4af17cbd6b5b9157178b4cf44945856d6d684ca6845b2d9f973ae902,200,2021-04-19T00:10:34.205846,,
79393839,application/json,2.791,a356bc4a708513f9bcc6bbdd888b643dd8f47ae2da5683a6c39d4c0ab2f22cbd,fd689f1adfdaf3e4aa24d706a5e7193d46b8fde573b2d4a130ceeb872aa7d149,200,2021-04-19T00:10:34.205846,,
80396563,application/json,31.447,372060f99be12123dfc701557105d0d78110e039a3830147e6b0e40c21b814fa,bd921c9e4af17cbd6b5b9157178b4cf44945856d6d684ca6845b2d9f973ae902,200,2021-04-20T00:11:07.151325,,
79393839,application/json,3.699,a356bc4a708513f9bcc6bbdd888b643dd8f47ae2da5683a6c39d4c0ab2f22cbd,fd689f1adfdaf3e4aa24d706a5e7193d46b8fde573b2d4a130ceeb872aa7d149,200,2021-04-20T00:11:07.151325,,
80396563,application/json,3.799,372060f99be12123dfc701557105d0d78110e039a3830147e6b0e40c21b814fa,bd921c9e4af17cbd6b5b9157178b4cf44945856d6d684ca6845b2d9f973ae902,200,2021-04-21T00:10:43.870564,,
79393839,application/json,3.512,a356bc4a708513f9bcc6bbdd888b643dd8f47ae2da5683a6c39d4c0ab2f22cbd,fd689f1adfdaf3e4aa24d706a5e7193d46b8fde573b2d4a130ceeb872aa7d149,200,2021-04-21T00:10:43.870564,,
80396563,application/json,3.676,372060f99be12123dfc701557105d0d78110e039a3830147e6b0e40c21b814fa,bd921c9e4af17cbd6b5b9157178b4cf44945856d6d684ca6845b2d9f973ae902,200,2021-04-22T00:11:34.458453,,
79393839,application/json,3.363,a356bc4a708513f9bcc6bbdd888b643dd8f47ae2da5683a6c39d4c0ab2f22cbd,fd689f1adfdaf3e4aa24d706a5e7193d46b8fde573b2d4a130ceeb872aa7d149,200,2021-04-22T00:11:34.458453,,
80396563,application/json,2.911,372060f99be12123dfc701557105d0d78110e039a3830147e6b0e40c21b814fa,bd921c9e4af17cbd6b5b9157178b4cf44945856d6d684ca6845b2d9f973ae902,200,2021-04-23T00:10:34.347111,,
79393839,application/json,3.888,a356bc4a708513f9bcc6bbdd888b643dd8f47ae2da5683a6c39d4c0ab2f22cbd,fd689f1adfdaf3e4aa24d706a5e7193d46b8fde573b2d4a130ceeb872aa7d149,200,2021-04-23T00:10:34.347111,,
80396563,application/json,26.54,372060f99be12123dfc701557105d0d78110e039a3830147e6b0e40c21b814fa,bd921c9e4af17cbd6b5b9157178b4cf44945856d6d684ca6845b2d9f973ae902,200,2021-04-24T00:11:18.481441,,
79393839,application/json,3.099,a356bc4a708513f9bcc6bbdd888b643dd8f47ae2da5683a6c39d4c0ab2f22cbd,fd689f1adfdaf3e4aa24d706a5e7193d46b8fde573b2d4a130ceeb872aa7d149,200,2021-04-24T00:11:18.481441,,
80396563,application/json,3.204,372060f99be12123dfc701557105d0d78110e039a3830147e6b0e40c21b814fa,bd921c9e4af17cbd6b5b9157178b4cf44945856d6d684ca6845b2d9f973ae902,200,2021-04-25T00:11:10.697738,,
79393839,application/json,3.032,a356bc4a708513f9bcc6bbdd888b643dd8f47ae2da5683a6c39d4c0ab2f22cbd,fd689f1adfdaf3e4aa24d706a5e7193d46b8fde573b2d4a130ceeb872aa7d149,200,2021-04-25T00:11:10.697738,,
80396563,application/json,3.161,372060f99be12123dfc701557105d0d78110e039a3830147e6b0e40c21b814fa,bd921c9e4af17cbd6b5b9157178b4cf44945856d6d684ca6845b2d9f973ae902,200,2021-04-26T00:11:49.429859,,
79393839,application/json,2.998,a356bc4a708513f9bcc6bbdd888b643dd8f47ae2da5683a6c39d4c0ab2f22cbd,fd689f1adfdaf3e4aa24d706a5e7193d46b8fde573b2d4a130ceeb872aa7d149,200,2021-04-26T00:11:49.429859,,
80396563,application/json,3.92,372060f99be12123dfc701557105d0d78110e039a3830147e6b0e40c21b814fa,bd921c9e4af17cbd6b5b9157178b4cf44945856d6d684ca6845b2d9f973ae902,200,2021-04-27T00:10:06.411038,,
79393839,application/json,3.369,a356bc4a708513f9bcc6bbdd888b643dd8f47ae2da5683a6c39d4c0ab2f22cbd,fd689f1adfdaf3e4aa24d706a5e7193d46b8fde573b2d4a130ceeb872aa7d149,200,2021-04-27T00:10:06.411038,,
80396563,application/json,3.318,372060f99be12123dfc701557105d0d78110e039a3830147e6b0e40c21b814fa,bd921c9e4af17cbd6b5b9157178b4cf44945856d6d684ca6845b2d9f973ae902,200,2021-04-28T00:10:20.742383,,
79393839,application/json,3.592,a356bc4a708513f9bcc6bbdd888b643dd8f47ae2da5683a6c39d4c0ab2f22cbd,fd689f1adfdaf3e4aa24d706a5e7193d46b8fde573b2d4a130ceeb872aa7d149,200,2021-04-28T00:10:20.742383,,
80396563,application/json,4.101,372060f99be12123dfc701557105d0d78110e039a3830147e6b0e40c21b814fa,bd921c9e4af17cbd6b5b9157178b4cf44945856d6d684ca6845b2d9f973ae902,200,2021-04-29T00:10:48.006386,,
79393839,application/json,3.084,a356bc4a708513f9bcc6bbdd888b643dd8f47ae2da5683a6c39d4c0ab2f22cbd,fd689f1adfdaf3e4aa24d706a5e7193d46b8fde573b2d4a130ceeb872aa7d149,200,2021-04-29T00:10:48.006386,,
80396563,application/json,26.589,372060f99be12123dfc701557105d0d78110e039a3830147e6b0e40c21b814fa,bd921c9e4af17cbd6b5b9157178b4cf44945856d6d684ca6845b2d9f973ae902,200,2021-04-30T00:05:59.595110,,
79393839,application/json,3.801,a356bc4a708513f9bcc6bbdd888b643dd8f47ae2da5683a6c39d4c0ab2f22cbd,fd689f1adfdaf3e4aa24d706a5e7193d46b8fde573b2d4a130ceeb872aa7d149,200,2021-04-30T00:05:59.595110,,
80396563,application/json,3.699,372060f99be12123dfc701557105d0d78110e039a3830147e6b0e40c21b814fa,bd921c9e4af17cbd6b5b9157178b4cf44945856d6d684ca6845b2d9f973ae902,200,2021-05-01T00:06:30.823875,,
79393839,application/json,3.112,a356bc4a708513f9bcc6bbdd888b643dd8f47ae2da5683a6c39d4c0ab2f22cbd,fd689f1adfdaf3e4aa24d706a5e7193d46b8fde573b2d4a130ceeb872aa7d149,200,2021-05-01T00:06:30.823875,,
80396563,application/json,4.071,372060f99be12123dfc701557105d0d78110e039a3830147e6b0e40c21b814fa,bd921c9e4af17cbd6b5b9157178b4cf44945856d6d684ca6845b2d9f973ae902,200,2021-05-02T00:08:22.112447,,
79393839,application/json,3.274,a356bc4a708513f9bcc6bbdd888b643dd8f47ae2da5683a6c39d4c0ab2f22cbd,fd689f1adfdaf3e4aa24d706a5e7193d46b8fde573b2d4a130ceeb872aa7d149,200,2021-05-02T00:08:22.112447,,
80396563,application/json,4.132,372060f99be12123dfc701557105d0d78110e039a3830147e6b0e40c21b814fa,bd921c9e4af17cbd6b5b9157178b4cf44945856d6d684ca6845b2d9f973ae902,200,2021-05-03T00:08:03.078697,,
79393839,application/json,3.228,a356bc4a708513f9bcc6bbdd888b643dd8f47ae2da5683a6c39d4c0ab2f22cbd,fd689f1adfdaf3e4aa24d706a5e7193d46b8fde573b2d4a130ceeb872aa7d149,200,2021-05-03T00:08:03.078697,,
80396563,application/json,3.862,372060f99be12123dfc701557105d0d78110e039a3830147e6b0e40c21b814fa,bd921c9e4af17cbd6b5b9157178b4cf44945856d6d684ca6845b2d9f973ae902,200,2021-05-04T00:05:15.348762,,
79393839,application/json,5.333,a356bc4a708513f9bcc6bbdd888b643dd8f47ae2da5683a6c39d4c0ab2f22cbd,fd689f1adfdaf3e4aa24d706a5e7193d46b8fde573b2d4a130ceeb872aa7d149,200,2021-05-04T00:05:15.348762,,
80396563,application/json,3.462,372060f99be12123dfc701557105d0d78110e039a3830147e6b0e40c21b814fa,bd921c9e4af17cbd6b5b9157178b4cf44945856d6d684ca6845b2d9f973ae902,200,2021-05-05T00:27:11.220996,,
79393839,application/json,3.918,a356bc4a708513f9bcc6bbdd888b643dd8f47ae2da5683a6c39d4c0ab2f22cbd,fd689f1adfdaf3e4aa24d706a5e7193d46b8fde573b2d4a130ceeb872aa7d149,200,2021-05-05T00:27:11.220996,,
80396563,application/json,4.181,372060f99be12123dfc701557105d0d78110e039a3830147e6b0e40c21b814fa,bd921c9e4af17cbd6b5b9157178b4cf44945856d6d684ca6845b2d9f973ae902,200,2021-05-06T00:26:56.792791,,
79393839,application/json,4.061,a356bc4a708513f9bcc6bbdd888b643dd8f47ae2da5683a6c39d4c0ab2f22cbd,fd689f1adfdaf3e4aa24d706a5e7193d46b8fde573b2d4a130ceeb872aa7d149,200,2021-05-06T00:26:56.792791,,
80396563,application/json,2.719,372060f99be12123dfc701557105d0d78110e039a3830147e6b0e40c21b814fa,bd921c9e4af17cbd6b5b9157178b4cf44945856d6d684ca6845b2d9f973ae902,200,2021-05-07T00:27:59.015715,,
79393839,application/json,3.036,a356bc4a708513f9bcc6bbdd888b643dd8f47ae2da5683a6c39d4c0ab2f22cbd,fd689f1adfdaf3e4aa24d706a5e7193d46b8fde573b2d4a130ceeb872aa7d149,200,2021-05-07T00:27:59.015715,,
80396563,application/json,26.445,372060f99be12123dfc701557105d0d78110e039a3830147e6b0e40c21b814fa,bd921c9e4af17cbd6b5b9157178b4cf44945856d6d684ca6845b2d9f973ae902,200,2021-05-08T00:28:37.482381,,
79393839,application/json,3.677,a356bc4a708513f9bcc6bbdd888b643dd8f47ae2da5683a6c39d4c0ab2f22cbd,fd689f1adfdaf3e4aa24d706a5e7193d46b8fde573b2d4a130ceeb872aa7d149,200,2021-05-08T00:28:37.482381,,
80396563,application/json,26.442,372060f99be12123dfc701557105d0d78110e039a3830147e6b0e40c21b814fa,bd921c9e4af17cbd6b5b9157178b4cf44945856d6d684ca6845b2d9f973ae902,200,2021-05-09T00:30:52.328363,,
79393839,application/json,3.099,a356bc4a708513f9bcc6bbdd888b643dd8f47ae2da5683a6c39d4c0ab2f22cbd,fd689f1adfdaf3e4aa24d706a5e7193d46b8fde573b2d4a130ceeb872aa7d149,200,2021-05-09T00:30:52.328363,,
80396563,application/json,3.201,372060f99be12123dfc701557105d0d78110e039a3830147e6b0e40c21b814fa,bd921c9e4af17cbd6b5b9157178b4cf44945856d6d684ca6845b2d9f973ae902,200,2021-05-10T00:29:50.427085,,
79393839,application/json,2.878,a356bc4a708513f9bcc6bbdd888b643dd8f47ae2da5683a6c39d4c0ab2f22cbd,fd689f1adfdaf3e4aa24d706a5e7193d46b8fde573b2d4a130ceeb872aa7d149,200,2021-05-10T00:29:50.427085,,
80396563,application/json,4.179,372060f99be12123dfc701557105d0d78110e039a3830147e6b0e40c21b814fa,bd921c9e4af17cbd6b5b9157178b4cf44945856d6d684ca6845b2d9f973ae902,200,2021-05-11T00:29:05.483346,,
79393839,application/json,3.995,a356bc4a708513f9bcc6bbdd888b643dd8f47ae2da5683a6c39d4c0ab2f22cbd,fd689f1adfdaf3e4aa24d706a5e7193d46b8fde573b2d4a130ceeb872aa7d149,200,2021-05-11T00:29:05.483346,,
80396563,application/json,3.921,372060f99be12123dfc701557105d0d78110e039a3830147e6b0e40c21b814fa,bd921c9e4af17cbd6b5b9157178b4cf44945856d6d684ca6845b2d9f973ae902,200,2021-05-12T00:30:19.135518,,
79393839,application/json,3.296,a356bc4a708513f9bcc6bbdd888b643dd8f47ae2da5683a6c39d4c0ab2f22cbd,fd689f1adfdaf3e4aa24d706a5e7193d46b8fde573b2d4a130ceeb872aa7d149,200,2021-05-12T00:30:19.135518,,
80396563,application/json,3.053,372060f99be12123dfc701557105d0d78110e039a3830147e6b0e40c21b814fa,bd921c9e4af17cbd6b5b9157178b4cf44945856d6d684ca6845b2d9f973ae902,200,2021-05-13T00:39:08.829404,,
79393839,application/json,4.378,a356bc4a708513f9bcc6bbdd888b643dd8f47ae2da5683a6c39d4c0ab2f22cbd,fd689f1adfdaf3e4aa24d706a5e7193d46b8fde573b2d4a130ceeb872aa7d149,200,2021-05-13T00:39:08.829404,,
80396563,application/json,4.322,372060f99be12123dfc701557105d0d78110e039a3830147e6b0e40c21b814fa,bd921c9e4af17cbd6b5b9157178b4cf44945856d6d684ca6845b2d9f973ae902,200,2021-05-14T00:40:28.751964,,
79393839,application/json,4.183,a356bc4a708513f9bcc6bbdd888b643dd8f47ae2da5683a6c39d4c0ab2f22cbd,fd689f1adfdaf3e4aa24d706a5e7193d46b8fde573b2d4a130ceeb872aa7d149,200,2021-05-14T00:40:28.751964,,
80396563,application/json,3.559,372060f99be12123dfc701557105d0d78110e039a3830147e6b0e40c21b814fa,bd921c9e4af17cbd6b5b9157178b4cf44945856d6d684ca6845b2d9f973ae902,200,2021-05-15T00:37:44.466258,,
79393839,application/json,3.228,a356bc4a708513f9bcc6bbdd888b643dd8f47ae2da5683a6c39d4c0ab2f22cbd,fd689f1adfdaf3e4aa24d706a5e7193d46b8fde573b2d4a130ceeb872aa7d149,200,2021-05-15T00:37:44.466258,,
80396563,application/json,3.028,372060f99be12123dfc701557105d0d78110e039a3830147e6b0e40c21b814fa,bd921c9e4af17cbd6b5b9157178b4cf44945856d6d684ca6845b2d9f973ae902,200,2021-05-16T00:41:42.388024,,
79393839,application/json,3.18,a356bc4a708513f9bcc6bbdd888b643dd8f47ae2da5683a6c39d4c0ab2f22cbd,fd689f1adfdaf3e4aa24d706a5e7193d46b8fde573b2d4a130ceeb872aa7d149,200,2021-05-16T00:41:42.388024,,
80396563,application/json,30.452,372060f99be12123dfc701557105d0d78110e039a3830147e6b0e40c21b814fa,bd921c9e4af17cbd6b5b9157178b4cf44945856d6d684ca6845b2d9f973ae902,200,2021-05-17T00:37:49.152676,,
79393839,application/json,3.454,a356bc4a708513f9bcc6bbdd888b643dd8f47ae2da5683a6c39d4c0ab2f22cbd,fd689f1adfdaf3e4aa24d706a5e7193d46b8fde573b2d4a130ceeb872aa7d149,200,2021-05-17T00:37:49.152676,,
80396563,application/json,3.089,372060f99be12123dfc701557105d0d78110e039a3830147e6b0e40c21b814fa,bd921c9e4af17cbd6b5b9157178b4cf44945856d6d684ca6845b2d9f973ae902,200,2021-05-18T00:41:55.613666,,
79393839,application/json,3.927,a356bc4a708513f9bcc6bbdd888b643dd8f47ae2da5683a6c39d4c0ab2f22cbd,fd689f1adfdaf3e4aa24d706a5e7193d46b8fde573b2d4a130ceeb872aa7d149,200,2021-05-18T00:41:55.613666,,
80396563,application/json,2.91,372060f99be12123dfc701557105d0d78110e039a3830147e6b0e40c21b814fa,bd921c9e4af17cbd6b5b9157178b4cf44945856d6d684ca6845b2d9f973ae902,200,2021-05-19T00:38:16.249473,,
79393839,application/json,3.069,a356bc4a708513f9bcc6bbdd888b643dd8f47ae2da5683a6c39d4c0ab2f22cbd,fd689f1adfdaf3e4aa24d706a5e7193d46b8fde573b2d4a130ceeb872aa7d149,200,2021-05-19T00:38:16.249473,,
80396563,application/json,3.078,372060f99be12123dfc701557105d0d78110e039a3830147e6b0e40c21b814fa,bd921c9e4af17cbd6b5b9157178b4cf44945856d6d684ca6845b2d9f973ae902,200,2021-05-20T00:36:22.824954,,
79393839,application/json,3.65,a356bc4a708513f9bcc6bbdd888b643dd8f47ae2da5683a6c39d4c0ab2f22cbd,fd689f1adfdaf3e4aa24d706a5e7193d46b8fde573b2d4a130ceeb872aa7d149,200,2021-05-20T00:36:22.824954,,
80396563,application/json,3.721,372060f99be12123dfc701557105d0d78110e039a3830147e6b0e40c21b814fa,bd921c9e4af17cbd6b5b9157178b4cf44945856d6d684ca6845b2d9f973ae902,200,2021-05-21T00:39:17.546720,,
79393839,application/json,3.792,a356bc4a708513f9bcc6bbdd888b643dd8f47ae2da5683a6c39d4c0ab2f22cbd,fd689f1adfdaf3e4aa24d706a5e7193d46b8fde573b2d4a130ceeb872aa7d149,200,2021-05-21T00:39:17.546720,,
80396563,application/json,3.119,372060f99be12123dfc701557105d0d78110e039a3830147e6b0e40c21b814fa,bd921c9e4af17cbd6b5b9157178b4cf44945856d6d684ca6845b2d9f973ae902,200,2021-05-22T00:39:00.114192,,
79393839,application/json,2.776,a356bc4a708513f9bcc6bbdd888b643dd8f47ae2da5683a6c39d4c0ab2f22cbd,fd689f1adfdaf3e4aa24d706a5e7193d46b8fde573b2d4a130ceeb872aa7d149,200,2021-05-22T00:39:00.114192,,
80396563,application/json,28.677,372060f99be12123dfc701557105d0d78110e039a3830147e6b0e40c21b814fa,bd921c9e4af17cbd6b5b9157178b4cf44945856d6d684ca6845b2d9f973ae902,200,2021-05-23T00:44:04.444654,,
79393839,application/json,2.882,a356bc4a708513f9bcc6bbdd888b643dd8f47ae2da5683a6c39d4c0ab2f22cbd,fd689f1adfdaf3e4aa24d706a5e7193d46b8fde573b2d4a130ceeb872aa7d149,200,2021-05-23T00:44:04.444654,,
80396563,application/json,26.35,372060f99be12123dfc701557105d0d78110e039a3830147e6b0e40c21b814fa,bd921c9e4af17cbd6b5b9157178b4cf44945856d6d684ca6845b2d9f973ae902,200,2021-05-24T00:42:00.544656,,
79393839,application/json,2.829,a356bc4a708513f9bcc6bbdd888b643dd8f47ae2da5683a6c39d4c0ab2f22cbd,fd689f1adfdaf3e4aa24d706a5e7193d46b8fde573b2d4a130ceeb872aa7d149,200,2021-05-24T00:42:00.544656,,
80396563,application/json,3.951,372060f99be12123dfc701557105d0d78110e039a3830147e6b0e40c21b814fa,bd921c9e4af17cbd6b5b9157178b4cf44945856d6d684ca6845b2d9f973ae902,200,2021-05-25T00:41:08.890990,,
79393839,application/json,3.076,a356bc4a708513f9bcc6bbdd888b643dd8f47ae2da5683a6c39d4c0ab2f22cbd,fd689f1adfdaf3e4aa24d706a5e7193d46b8fde573b2d4a130ceeb872aa7d149,200,2021-05-25T00:41:08.890990,,
80396563,application/json,3.33,372060f99be12123dfc701557105d0d78110e039a3830147e6b0e40c21b814fa,bd921c9e4af17cbd6b5b9157178b4cf44945856d6d684ca6845b2d9f973ae902,200,2021-05-26T00:49:19.773784,,
79393839,application/json,3.265,a356bc4a708513f9bcc6bbdd888b643dd8f47ae2da5683a6c39d4c0ab2f22cbd,fd689f1adfdaf3e4aa24d706a5e7193d46b8fde573b2d4a130ceeb872aa7d149,200,2021-05-26T00:49:19.773784,,
80396563,application/json,2.873,372060f99be12123dfc701557105d0d78110e039a3830147e6b0e40c21b814fa,bd921c9e4af17cbd6b5b9157178b4cf44945856d6d684ca6845b2d9f973ae902,200,2021-05-27T00:52:43.312043,,
79393839,application/json,2.037,a356bc4a708513f9bcc6bbdd888b643dd8f47ae2da5683a6c39d4c0ab2f22cbd,fd689f1adfdaf3e4aa24d706a5e7193d46b8fde573b2d4a130ceeb872aa7d149,200,2021-05-27T00:52:43.312043,,
80396563,application/json,2.849,372060f99be12123dfc701557105d0d78110e039a3830147e6b0e40c21b814fa,bd921c9e4af17cbd6b5b9157178b4cf44945856d6d684ca6845b2d9f973ae902,200,2021-05-28T00:58:15.873106,,
79393839,application/json,2.219,a356bc4a708513f9bcc6bbdd888b643dd8f47ae2da5683a6c39d4c0ab2f22cbd,fd689f1adfdaf3e4aa24d706a5e7193d46b8fde573b2d4a130ceeb872aa7d149,200,2021-05-28T00:58:15.873106,,
80396563,application/json,2.956,372060f99be12123dfc701557105d0d78110e039a3830147e6b0e40c21b814fa,bd921c9e4af17cbd6b5b9157178b4cf44945856d6d684ca6845b2d9f973ae902,200,2021-05-29T01:08:34.966008,,
79393839,application/json,2.48,a356bc4a708513f9bcc6bbdd888b643dd8f47ae2da5683a6c39d4c0ab2f22cbd,fd689f1adfdaf3e4aa24d706a5e7193d46b8fde573b2d4a130ceeb872aa7d149,200,2021-05-29T01:08:34.966008,,
80396563,application/json,2.508,372060f99be12123dfc701557105d0d78110e039a3830147e6b0e40c21b814fa,bd921c9e4af17cbd6b5b9157178b4cf44945856d6d684ca6845b2d9f973ae902,200,2021-05-30T01:16:20.420346,,
79393839,application/json,2.736,a356bc4a708513f9bcc6bbdd888b643dd8f47ae2da5683a6c39d4c0ab2f22cbd,fd689f1adfdaf3e4aa24d706a5e7193d46b8fde573b2d4a130ceeb872aa7d149,200,2021-05-30T01:16:20.420346,,
80396563,application/json,2.844,372060f99be12123dfc701557105d0d78110e039a3830147e6b0e40c21b814fa,bd921c9e4af17cbd6b5b9157178b4cf44945856d6d684ca6845b2d9f973ae902,200,2021-05-31T01:26:50.727940,,
79393839,application/json,2.613,a356bc4a708513f9bcc6bbdd888b643dd8f47ae2da5683a6c39d4c0ab2f22cbd,fd689f1adfdaf3e4aa24d706a5e7193d46b8fde573b2d4a130ceeb872aa7d149,200,2021-05-31T01:26:50.727940,,
,,29.67,372060f99be12123dfc701557105d0d78110e039a3830147e6b0e40c21b814fa,,,2021-06-01T01:45:54.101822,,
79393839,application/json,2.747,a356bc4a708513f9bcc6bbdd888b643dd8f47ae2da5683a6c39d4c0ab2f22cbd,fd689f1adfdaf3e4aa24d706a5e7193d46b8fde573b2d4a130ceeb872aa7d149,200,2021-06-01T01:45:54.101822,,
,,29.479,372060f99be12123dfc701557105d0d78110e039a3830147e6b0e40c21b814fa,,,2021-06-02T01:53:43.470359,,
79393839,application/json,2.996,a356bc4a708513f9bcc6bbdd888b643dd8f47ae2da5683a6c39d4c0ab2f22cbd,fd689f1adfdaf3e4aa24d706a5e7193d46b8fde573b2d4a130ceeb872aa7d149,200,2021-06-02T01:53:43.470359,,
,,30.064,372060f99be12123dfc701557105d0d78110e039a3830147e6b0e40c21b814fa,,,2021-06-03T01:31:44.231680,,
79393839,application/json,3.071,a356bc4a708513f9bcc6bbdd888b643dd8f47ae2da5683a6c39d4c0ab2f22cbd,fd689f1adfdaf3e4aa24d706a5e7193d46b8fde573b2d4a130ceeb872aa7d149,200,2021-06-03T01:31:44.231680,,
,,29.783,372060f99be12123dfc701557105d0d78110e039a3830147e6b0e40c21b814fa,,,2021-06-04T01:22:20.174280,,
79393839,application/json,3.285,a356bc4a708513f9bcc6bbdd888b643dd8f47ae2da5683a6c39d4c0ab2f22cbd,fd689f1adfdaf3e4aa24d706a5e7193d46b8fde573b2d4a130ceeb872aa7d149,200,2021-06-04T01:22:20.174280,,
80396563,application/json,30.951,372060f99be12123dfc701557105d0d78110e039a3830147e6b0e40c21b814fa,bd921c9e4af17cbd6b5b9157178b4cf44945856d6d684ca6845b2d9f973ae902,200,2021-06-05T01:01:24.439188,,
79393839,application/json,3.909,a356bc4a708513f9bcc6bbdd888b643dd8f47ae2da5683a6c39d4c0ab2f22cbd,fd689f1adfdaf3e4aa24d706a5e7193d46b8fde573b2d4a130ceeb872aa7d149,200,2021-06-05T01:01:24.439188,,
80396563,application/json,3.871,372060f99be12123dfc701557105d0d78110e039a3830147e6b0e40c21b814fa,bd921c9e4af17cbd6b5b9157178b4cf44945856d6d684ca6845b2d9f973ae902,200,2021-06-06T00:54:47.422786,,
79393839,application/json,2.839,a356bc4a708513f9bcc6bbdd888b643dd8f47ae2da5683a6c39d4c0ab2f22cbd,fd689f1adfdaf3e4aa24d706a5e7193d46b8fde573b2d4a130ceeb872aa7d149,200,2021-06-06T00:54:47.422786,,
80396563,application/json,2.85,372060f99be12123dfc701557105d0d78110e039a3830147e6b0e40c21b814fa,bd921c9e4af17cbd6b5b9157178b4cf44945856d6d684ca6845b2d9f973ae902,200,2021-06-07T00:55:27.473665,,
79393839,application/json,2.67,a356bc4a708513f9bcc6bbdd888b643dd8f47ae2da5683a6c39d4c0ab2f22cbd,fd689f1adfdaf3e4aa24d706a5e7193d46b8fde573b2d4a130ceeb872aa7d149,200,2021-06-07T00:55:27.473665,,
80396563,application/json,3.149,372060f99be12123dfc701557105d0d78110e039a3830147e6b0e40c21b814fa,bd921c9e4af17cbd6b5b9157178b4cf44945856d6d684ca6845b2d9f973ae902,200,2021-06-08T00:55:25.924581,,
79393839,application/json,3.969,a356bc4a708513f9bcc6bbdd888b643dd8f47ae2da5683a6c39d4c0ab2f22cbd,fd689f1adfdaf3e4aa24d706a5e7193d46b8fde573b2d4a130ceeb872aa7d149,200,2021-06-08T00:55:25.924581,,
80396563,application/json,3.629,372060f99be12123dfc701557105d0d78110e039a3830147e6b0e40c21b814fa,bd921c9e4af17cbd6b5b9157178b4cf44945856d6d684ca6845b2d9f973ae902,200,2021-06-09T00:37:18.057880,,
79393839,application/json,3.327,a356bc4a708513f9bcc6bbdd888b643dd8f47ae2da5683a6c39d4c0ab2f22cbd,fd689f1adfdaf3e4aa24d706a5e7193d46b8fde573b2d4a130ceeb872aa7d149,200,2021-06-09T00:37:18.057880,,
80396563,application/json,3.77,372060f99be12123dfc701557105d0d78110e039a3830147e6b0e40c21b814fa,bd921c9e4af17cbd6b5b9157178b4cf44945856d6d684ca6845b2d9f973ae902,200,2021-06-10T00:36:10.539618,,
79393839,application/json,3.364,a356bc4a708513f9bcc6bbdd888b643dd8f47ae2da5683a6c39d4c0ab2f22cbd,fd689f1adfdaf3e4aa24d706a5e7193d46b8fde573b2d4a130ceeb872aa7d149,200,2021-06-10T00:36:10.539618,,
80396563,application/json,3.229,372060f99be12123dfc701557105d0d78110e039a3830147e6b0e40c21b814fa,bd921c9e4af17cbd6b5b9157178b4cf44945856d6d684ca6845b2d9f973ae902,200,2021-06-11T00:12:40.717901,,
79393839,application/json,4.081,a356bc4a708513f9bcc6bbdd888b643dd8f47ae2da5683a6c39d4c0ab2f22cbd,fd689f1adfdaf3e4aa24d706a5e7193d46b8fde573b2d4a130ceeb872aa7d149,200,2021-06-11T00:12:40.717901,,
80396563,application/json,3.506,372060f99be12123dfc701557105d0d78110e039a3830147e6b0e40c21b814fa,bd921c9e4af17cbd6b5b9157178b4cf44945856d6d684ca6845b2d9f973ae902,200,2021-06-12T00:11:54.172052,,
79393839,application/json,3.189,a356bc4a708513f9bcc6bbdd888b643dd8f47ae2da5683a6c39d4c0ab2f22cbd,fd689f1adfdaf3e4aa24d706a5e7193d46b8fde573b2d4a130ceeb872aa7d149,200,2021-06-12T00:11:54.172052,,
80396563,application/json,3.087,372060f99be12123dfc701557105d0d78110e039a3830147e6b0e40c21b814fa,bd921c9e4af17cbd6b5b9157178b4cf44945856d6d684ca6845b2d9f973ae902,200,2021-06-13T00:15:10.872736,,
79393839,application/json,3.273,a356bc4a708513f9bcc6bbdd888b643dd8f47ae2da5683a6c39d4c0ab2f22cbd,fd689f1adfdaf3e4aa24d706a5e7193d46b8fde573b2d4a130ceeb872aa7d149,200,2021-06-13T00:15:10.872736,,
80396563,application/json,3.877,372060f99be12123dfc701557105d0d78110e039a3830147e6b0e40c21b814fa,bd921c9e4af17cbd6b5b9157178b4cf44945856d6d684ca6845b2d9f973ae902,200,2021-06-14T00:13:55.380246,,
79393839,application/json,3.33,a356bc4a708513f9bcc6bbdd888b643dd8f47ae2da5683a6c39d4c0ab2f22cbd,fd689f1adfdaf3e4aa24d706a5e7193d46b8fde573b2d4a130ceeb872aa7d149,200,2021-06-14T00:13:55.380246,,
80396563,application/json,3.698,372060f99be12123dfc701557105d0d78110e039a3830147e6b0e40c21b814fa,bd921c9e4af17cbd6b5b9157178b4cf44945856d6d684ca6845b2d9f973ae902,200,2021-06-15T00:14:21.606161,,
79393839,application/json,3.665,a356bc4a708513f9bcc6bbdd888b643dd8f47ae2da5683a6c39d4c0ab2f22cbd,fd689f1adfdaf3e4aa24d706a5e7193d46b8fde573b2d4a130ceeb872aa7d149,200,2021-06-15T00:14:21.606161,,
80396563,application/json,4.363,372060f99be12123dfc701557105d0d78110e039a3830147e6b0e40c21b814fa,bd921c9e4af17cbd6b5b9157178b4cf44945856d6d684ca6845b2d9f973ae902,200,2021-06-16T00:12:47.441899,,
79393839,application/json,3.586,a356bc4a708513f9bcc6bbdd888b643dd8f47ae2da5683a6c39d4c0ab2f22cbd,fd689f1adfdaf3e4aa24d706a5e7193d46b8fde573b2d4a130ceeb872aa7d149,200,2021-06-16T00:12:47.441899,,
80396563,application/json,3.484,372060f99be12123dfc701557105d0d78110e039a3830147e6b0e40c21b814fa,bd921c9e4af17cbd6b5b9157178b4cf44945856d6d684ca6845b2d9f973ae902,200,2021-06-17T00:13:08.290713,,
79393839,application/json,3.866,a356bc4a708513f9bcc6bbdd888b643dd8f47ae2da5683a6c39d4c0ab2f22cbd,fd689f1adfdaf3e4aa24d706a5e7193d46b8fde573b2d4a130ceeb872aa7d149,200,2021-06-17T00:13:08.290713,,
80396563,application/json,3.473,372060f99be12123dfc701557105d0d78110e039a3830147e6b0e40c21b814fa,bd921c9e4af17cbd6b5b9157178b4cf44945856d6d684ca6845b2d9f973ae902,200,2021-06-18T00:12:56.130095,,
79393839,application/json,2.857,a356bc4a708513f9bcc6bbdd888b643dd8f47ae2da5683a6c39d4c0ab2f22cbd,fd689f1adfdaf3e4aa24d706a5e7193d46b8fde573b2d4a130ceeb872aa7d149,200,2021-06-18T00:12:56.130095,,
80396563,application/json,1093.21,372060f99be12123dfc701557105d0d78110e039a3830147e6b0e40c21b814fa,bd921c9e4af17cbd6b5b9157178b4cf44945856d6d684ca6845b2d9f973ae902,200,2021-06-19T00:14:27.687909,,
79393839,application/json,8.851,a356bc4a708513f9bcc6bbdd888b643dd8f47ae2da5683a6c39d4c0ab2f22cbd,fd689f1adfdaf3e4aa24d706a5e7193d46b8fde573b2d4a130ceeb872aa7d149,200,2021-06-19T00:14:27.687909,,
80396563,application/json,2.979,372060f99be12123dfc701557105d0d78110e039a3830147e6b0e40c21b814fa,bd921c9e4af17cbd6b5b9157178b4cf44945856d6d684ca6845b2d9f973ae902,200,2021-06-20T00:14:18.047770,,
79393839,application/json,3.292,a356bc4a708513f9bcc6bbdd888b643dd8f47ae2da5683a6c39d4c0ab2f22cbd,fd689f1adfdaf3e4aa24d706a5e7193d46b8fde573b2d4a130ceeb872aa7d149,200,2021-06-20T00:14:18.047770,,
,,29.538,372060f99be12123dfc701557105d0d78110e039a3830147e6b0e40c21b814fa,,,2021-06-21T00:13:22.300213,,
79393839,application/json,3.606,a356bc4a708513f9bcc6bbdd888b643dd8f47ae2da5683a6c39d4c0ab2f22cbd,fd689f1adfdaf3e4aa24d706a5e7193d46b8fde573b2d4a130ceeb872aa7d149,200,2021-06-21T00:13:22.300213,,
80396563,application/json,3.584,372060f99be12123dfc701557105d0d78110e039a3830147e6b0e40c21b814fa,bd921c9e4af17cbd6b5b9157178b4cf44945856d6d684ca6845b2d9f973ae902,200,2021-06-22T00:14:38.372665,,
79393839,application/json,3.88,a356bc4a708513f9bcc6bbdd888b643dd8f47ae2da5683a6c39d4c0ab2f22cbd,fd689f1adfdaf3e4aa24d706a5e7193d46b8fde573b2d4a130ceeb872aa7d149,200,2021-06-22T00:14:38.372665,,
80396563,application/json,3.599,372060f99be12123dfc701557105d0d78110e039a3830147e6b0e40c21b814fa,bd921c9e4af17cbd6b5b9157178b4cf44945856d6d684ca6845b2d9f973ae902,200,2021-06-23T00:13:59.766023,,
79393839,application/json,4.076,a356bc4a708513f9bcc6bbdd888b643dd8f47ae2da5683a6c39d4c0ab2f22cbd,fd689f1adfdaf3e4aa24d706a5e7193d46b8fde573b2d4a130ceeb872aa7d149,200,2021-06-23T00:13:59.766023,,
80396563,application/json,12.911,372060f99be12123dfc701557105d0d78110e039a3830147e6b0e40c21b814fa,bd921c9e4af17cbd6b5b9157178b4cf44945856d6d684ca6845b2d9f973ae902,200,2021-06-24T00:11:41.937281,,
79393839,application/json,3.858,a356bc4a708513f9bcc6bbdd888b643dd8f47ae2da5683a6c39d4c0ab2f22cbd,fd689f1adfdaf3e4aa24d706a5e7193d46b8fde573b2d4a130ceeb872aa7d149,200,2021-06-24T00:11:41.937281,,
80396563,application/json,4.245,372060f99be12123dfc701557105d0d78110e039a3830147e6b0e40c21b814fa,bd921c9e4af17cbd6b5b9157178b4cf44945856d6d684ca6845b2d9f973ae902,200,2021-06-25T00:14:11.317328,,
79393839,application/json,3.939,a356bc4a708513f9bcc6bbdd888b643dd8f47ae2da5683a6c39d4c0ab2f22cbd,fd689f1adfdaf3e4aa24d706a5e7193d46b8fde573b2d4a130ceeb872aa7d149,200,2021-06-25T00:14:11.317328,,
80396563,application/json,3.914,372060f99be12123dfc701557105d0d78110e039a3830147e6b0e40c21b814fa,bd921c9e4af17cbd6b5b9157178b4cf44945856d6d684ca6845b2d9f973ae902,200,2021-06-26T00:12:25.352615,,
79393839,application/json,3.9,a356bc4a708513f9bcc6bbdd888b643dd8f47ae2da5683a6c39d4c0ab2f22cbd,fd689f1adfdaf3e4aa24d706a5e7193d46b8fde573b2d4a130ceeb872aa7d149,200,2021-06-26T00:12:25.352615,,
80396563,application/json,3.115,372060f99be12123dfc701557105d0d78110e039a3830147e6b0e40c21b814fa,bd921c9e4af17cbd6b5b9157178b4cf44945856d6d684ca6845b2d9f973ae902,200,2021-06-27T00:13:22.288302,,
79393839,application/json,3.38,a356bc4a708513f9bcc6bbdd888b643dd8f47ae2da5683a6c39d4c0ab2f22cbd,fd689f1adfdaf3e4aa24d706a5e7193d46b8fde573b2d4a130ceeb872aa7d149,200,2021-06-27T00:13:22.288302,,
80396563,application/json,3.232,372060f99be12123dfc701557105d0d78110e039a3830147e6b0e40c21b814fa,bd921c9e4af17cbd6b5b9157178b4cf44945856d6d684ca6845b2d9f973ae902,200,2021-06-28T00:14:16.338409,,
79393839,application/json,3.447,a356bc4a708513f9bcc6bbdd888b643dd8f47ae2da5683a6c39d4c0ab2f22cbd,fd689f1adfdaf3e4aa24d706a5e7193d46b8fde573b2d4a130ceeb872aa7d149,200,2021-06-28T00:14:16.338409,,
80396563,application/json,3.734,372060f99be12123dfc701557105d0d78110e039a3830147e6b0e40c21b814fa,bd921c9e4af17cbd6b5b9157178b4cf44945856d6d684ca6845b2d9f973ae902,200,2021-06-29T00:14:51.279637,,
79393839,application/json,4.011,a356bc4a708513f9bcc6bbdd888b643dd8f47ae2da5683a6c39d4c0ab2f22cbd,fd689f1adfdaf3e4aa24d706a5e7193d46b8fde573b2d4a130ceeb872aa7d149,200,2021-06-29T00:14:51.279637,,
80396563,application/json,2.732,372060f99be12123dfc701557105d0d78110e039a3830147e6b0e40c21b814fa,bd921c9e4af17cbd6b5b9157178b4cf44945856d6d684ca6845b2d9f973ae902,200,2021-06-30T00:13:01.065310,,
79393839,application/json,3.5,a356bc4a708513f9bcc6bbdd888b643dd8f47ae2da5683a6c39d4c0ab2f22cbd,fd689f1adfdaf3e4aa24d706a5e7193d46b8fde573b2d4a130ceeb872aa7d149,200,2021-06-30T00:13:01.065310,,
80396563,application/json,4.121,372060f99be12123dfc701557105d0d78110e039a3830147e6b0e40c21b814fa,bd921c9e4af17cbd6b5b9157178b4cf44945856d6d684ca6845b2d9f973ae902,200,2021-07-01T00:13:30.509538,,
79393839,application/json,4.043,a356bc4a708513f9bcc6bbdd888b643dd8f47ae2da5683a6c39d4c0ab2f22cbd,fd689f1adfdaf3e4aa24d706a5e7193d46b8fde573b2d4a130ceeb872aa7d149,200,2021-07-01T00:13:30.509538,,
80396563,application/json,3.549,372060f99be12123dfc701557105d0d78110e039a3830147e6b0e40c21b814fa,bd921c9e4af17cbd6b5b9157178b4cf44945856d6d684ca6845b2d9f973ae902,200,2021-07-02T00:12:59.300614,,
79393839,application/json,3.932,a356bc4a708513f9bcc6bbdd888b643dd8f47ae2da5683a6c39d4c0ab2f22cbd,fd689f1adfdaf3e4aa24d706a5e7193d46b8fde573b2d4a130ceeb872aa7d149,200,2021-07-02T00:12:59.300614,,
80396563,application/json,3.712,372060f99be12123dfc701557105d0d78110e039a3830147e6b0e40c21b814fa,bd921c9e4af17cbd6b5b9157178b4cf44945856d6d684ca6845b2d9f973ae902,200,2021-07-03T00:13:25.509930,,
79393839,application/json,3.517,a356bc4a708513f9bcc6bbdd888b643dd8f47ae2da5683a6c39d4c0ab2f22cbd,fd689f1adfdaf3e4aa24d706a5e7193d46b8fde573b2d4a130ceeb872aa7d149,200,2021-07-03T00:13:25.509930,,
80396563,application/json,4.049,372060f99be12123dfc701557105d0d78110e039a3830147e6b0e40c21b814fa,bd921c9e4af17cbd6b5b9157178b4cf44945856d6d684ca6845b2d9f973ae902,200,2021-07-04T00:12:43.642808,,
79393839,application/json,3.759,a356bc4a708513f9bcc6bbdd888b643dd8f47ae2da5683a6c39d4c0ab2f22cbd,fd689f1adfdaf3e4aa24d706a5e7193d46b8fde573b2d4a130ceeb872aa7d149,200,2021-07-04T00:12:43.642808,,
80396563,application/json,3.659,372060f99be12123dfc701557105d0d78110e039a3830147e6b0e40c21b814fa,bd921c9e4af17cbd6b5b9157178b4cf44945856d6d684ca6845b2d9f973ae902,200,2021-07-05T00:12:36.553834,,
79393839,application/json,3.048,a356bc4a708513f9bcc6bbdd888b643dd8f47ae2da5683a6c39d4c0ab2f22cbd,fd689f1adfdaf3e4aa24d706a5e7193d46b8fde573b2d4a130ceeb872aa7d149,200,2021-07-05T00:12:36.553834,,
80396563,application/json,3.712,372060f99be12123dfc701557105d0d78110e039a3830147e6b0e40c21b814fa,bd921c9e4af17cbd6b5b9157178b4cf44945856d6d684ca6845b2d9f973ae902,200,2021-07-06T00:13:41.904041,,
79393839,application/json,3.242,a356bc4a708513f9bcc6bbdd888b643dd8f47ae2da5683a6c39d4c0ab2f22cbd,fd689f1adfdaf3e4aa24d706a5e7193d46b8fde573b2d4a130ceeb872aa7d149,200,2021-07-06T00:13:41.904041,,
,,29.235,372060f99be12123dfc701557105d0d78110e039a3830147e6b0e40c21b814fa,,,2021-07-07T00:14:13.482059,,
79393839,application/json,3.848,a356bc4a708513f9bcc6bbdd888b643dd8f47ae2da5683a6c39d4c0ab2f22cbd,fd689f1adfdaf3e4aa24d706a5e7193d46b8fde573b2d4a130ceeb872aa7d149,200,2021-07-07T00:14:13.482059,,
80396563,application/json,3.829,372060f99be12123dfc701557105d0d78110e039a3830147e6b0e40c21b814fa,bd921c9e4af17cbd6b5b9157178b4cf44945856d6d684ca6845b2d9f973ae902,200,2021-07-08T00:12:40.298592,,
79393839,application/json,3.545,a356bc4a708513f9bcc6bbdd888b643dd8f47ae2da5683a6c39d4c0ab2f22cbd,fd689f1adfdaf3e4aa24d706a5e7193d46b8fde573b2d4a130ceeb872aa7d149,200,2021-07-08T00:12:40.298592,,
80396563,application/json,13.33,372060f99be12123dfc701557105d0d78110e039a3830147e6b0e40c21b814fa,bd921c9e4af17cbd6b5b9157178b4cf44945856d6d684ca6845b2d9f973ae902,200,2021-07-09T00:13:25.658093,,
79393839,application/json,4.087,a356bc4a708513f9bcc6bbdd888b643dd8f47ae2da5683a6c39d4c0ab2f22cbd,fd689f1adfdaf3e4aa24d706a5e7193d46b8fde573b2d4a130ceeb872aa7d149,200,2021-07-09T00:13:25.658093,,
80396563,application/json,4.39,372060f99be12123dfc701557105d0d78110e039a3830147e6b0e40c21b814fa,bd921c9e4af17cbd6b5b9157178b4cf44945856d6d684ca6845b2d9f973ae902,200,2021-07-10T00:13:39.320513,,
79393839,application/json,4.148,a356bc4a708513f9bcc6bbdd888b643dd8f47ae2da5683a6c39d4c0ab2f22cbd,fd689f1adfdaf3e4aa24d706a5e7193d46b8fde573b2d4a130ceeb872aa7d149,200,2021-07-10T00:13:39.320513,,
80396563,application/json,18.723,372060f99be12123dfc701557105d0d78110e039a3830147e6b0e40c21b814fa,bd921c9e4af17cbd6b5b9157178b4cf44945856d6d684ca6845b2d9f973ae902,200,2021-07-11T00:14:05.859703,,
79393839,application/json,3.713,a356bc4a708513f9bcc6bbdd888b643dd8f47ae2da5683a6c39d4c0ab2f22cbd,fd689f1adfdaf3e4aa24d706a5e7193d46b8fde573b2d4a130ceeb872aa7d149,200,2021-07-11T00:14:05.859703,,
80396563,application/json,3.787,372060f99be12123dfc701557105d0d78110e039a3830147e6b0e40c21b814fa,bd921c9e4af17cbd6b5b9157178b4cf44945856d6d684ca6845b2d9f973ae902,200,2021-07-12T00:13:17.633442,,
79393839,application/json,4.294,a356bc4a708513f9bcc6bbdd888b643dd8f47ae2da5683a6c39d4c0ab2f22cbd,fd689f1adfdaf3e4aa24d706a5e7193d46b8fde573b2d4a130ceeb872aa7d149,200,2021-07-12T00:13:17.633442,,
80396563,application/json,4.208,372060f99be12123dfc701557105d0d78110e039a3830147e6b0e40c21b814fa,bd921c9e4af17cbd6b5b9157178b4cf44945856d6d684ca6845b2d9f973ae902,200,2021-07-13T00:13:16.091559,,
79393839,application/json,4.048,a356bc4a708513f9bcc6bbdd888b643dd8f47ae2da5683a6c39d4c0ab2f22cbd,fd689f1adfdaf3e4aa24d706a5e7193d46b8fde573b2d4a130ceeb872aa7d149,200,2021-07-13T00:13:16.091559,,
80396563,application/json,11.969,372060f99be12123dfc701557105d0d78110e039a3830147e6b0e40c21b814fa,bd921c9e4af17cbd6b5b9157178b4cf44945856d6d684ca6845b2d9f973ae902,200,2021-07-14T09:23:46.085978,,
79393839,application/json,10.208,a356bc4a708513f9bcc6bbdd888b643dd8f47ae2da5683a6c39d4c0ab2f22cbd,fd689f1adfdaf3e4aa24d706a5e7193d46b8fde573b2d4a130ceeb872aa7d149,200,2021-07-14T09:23:46.085978,,
80396563,application/json,4.2,372060f99be12123dfc701557105d0d78110e039a3830147e6b0e40c21b814fa,bd921c9e4af17cbd6b5b9157178b4cf44945856d6d684ca6845b2d9f973ae902,200,2021-07-15T00:13:22.975437,,
79393839,application/json,4.991,a356bc4a708513f9bcc6bbdd888b643dd8f47ae2da5683a6c39d4c0ab2f22cbd,fd689f1adfdaf3e4aa24d706a5e7193d46b8fde573b2d4a130ceeb872aa7d149,200,2021-07-15T00:13:22.975437,,
80396563,application/json,5.171,372060f99be12123dfc701557105d0d78110e039a3830147e6b0e40c21b814fa,bd921c9e4af17cbd6b5b9157178b4cf44945856d6d684ca6845b2d9f973ae902,200,2021-07-16T00:13:49.943834,,
79393839,application/json,4.756,a356bc4a708513f9bcc6bbdd888b643dd8f47ae2da5683a6c39d4c0ab2f22cbd,fd689f1adfdaf3e4aa24d706a5e7193d46b8fde573b2d4a130ceeb872aa7d149,200,2021-07-16T00:13:49.943834,,
80396563,application/json,3.779,372060f99be12123dfc701557105d0d78110e039a3830147e6b0e40c21b814fa,bd921c9e4af17cbd6b5b9157178b4cf44945856d6d684ca6845b2d9f973ae902,200,2021-07-17T00:11:44.876320,,
79393839,application/json,4.576,a356bc4a708513f9bcc6bbdd888b643dd8f47ae2da5683a6c39d4c0ab2f22cbd,fd689f1adfdaf3e4aa24d706a5e7193d46b8fde573b2d4a130ceeb872aa7d149,200,2021-07-17T00:11:44.876320,,
80396563,application/json,4.814,372060f99be12123dfc701557105d0d78110e039a3830147e6b0e40c21b814fa,bd921c9e4af17cbd6b5b9157178b4cf44945856d6d684ca6845b2d9f973ae902,200,2021-07-18T00:13:11.522781,,
79393839,application/json,3.403,a356bc4a708513f9bcc6bbdd888b643dd8f47ae2da5683a6c39d4c0ab2f22cbd,fd689f1adfdaf3e4aa24d706a5e7193d46b8fde573b2d4a130ceeb872aa7d149,200,2021-07-18T00:13:11.522781,,
80396563,application/json,4.194,372060f99be12123dfc701557105d0d78110e039a3830147e6b0e40c21b814fa,bd921c9e4af17cbd6b5b9157178b4cf44945856d6d684ca6845b2d9f973ae902,200,2021-07-19T00:12:33.355309,,
79393839,application/json,3.724,a356bc4a708513f9bcc6bbdd888b643dd8f47ae2da5683a6c39d4c0ab2f22cbd,fd689f1adfdaf3e4aa24d706a5e7193d46b8fde573b2d4a130ceeb872aa7d149,200,2021-07-19T00:12:33.355309,,
80396563,application/json,4.212,372060f99be12123dfc701557105d0d78110e039a3830147e6b0e40c21b814fa,bd921c9e4af17cbd6b5b9157178b4cf44945856d6d684ca6845b2d9f973ae902,200,2021-07-20T00:11:42.359346,,
79393839,application/json,3.912,a356bc4a708513f9bcc6bbdd888b643dd8f47ae2da5683a6c39d4c0ab2f22cbd,fd689f1adfdaf3e4aa24d706a5e7193d46b8fde573b2d4a130ceeb872aa7d149,200,2021-07-20T00:11:42.359346,,
80396563,application/json,4.135,372060f99be12123dfc701557105d0d78110e039a3830147e6b0e40c21b814fa,bd921c9e4af17cbd6b5b9157178b4cf44945856d6d684ca6845b2d9f973ae902,200,2021-07-21T00:11:48.372197,,
79393839,application/json,4.21,a356bc4a708513f9bcc6bbdd888b643dd8f47ae2da5683a6c39d4c0ab2f22cbd,fd689f1adfdaf3e4aa24d706a5e7193d46b8fde573b2d4a130ceeb872aa7d149,200,2021-07-21T00:11:48.372197,,
80396563,application/json,4.123,372060f99be12123dfc701557105d0d78110e039a3830147e6b0e40c21b814fa,bd921c9e4af17cbd6b5b9157178b4cf44945856d6d684ca6845b2d9f973ae902,200,2021-07-22T00:12:35.963270,,
79393839,application/json,5.092,a356bc4a708513f9bcc6bbdd888b643dd8f47ae2da5683a6c39d4c0ab2f22cbd,fd689f1adfdaf3e4aa24d706a5e7193d46b8fde573b2d4a130ceeb872aa7d149,200,2021-07-22T00:12:35.963270,,
80396563,application/json,3.414,372060f99be12123dfc701557105d0d78110e039a3830147e6b0e40c21b814fa,bd921c9e4af17cbd6b5b9157178b4cf44945856d6d684ca6845b2d9f973ae902,200,2021-07-23T00:13:22.057501,,
79393839,application/json,3.46,a356bc4a708513f9bcc6bbdd888b643dd8f47ae2da5683a6c39d4c0ab2f22cbd,fd689f1adfdaf3e4aa24d706a5e7193d46b8fde573b2d4a130ceeb872aa7d149,200,2021-07-23T00:13:22.057501,,
80396563,application/json,4.08,372060f99be12123dfc701557105d0d78110e039a3830147e6b0e40c21b814fa,bd921c9e4af17cbd6b5b9157178b4cf44945856d6d684ca6845b2d9f973ae902,200,2021-07-24T00:12:01.398809,,
79393839,application/json,4.343,a356bc4a708513f9bcc6bbdd888b643dd8f47ae2da5683a6c39d4c0ab2f22cbd,fd689f1adfdaf3e4aa24d706a5e7193d46b8fde573b2d4a130ceeb872aa7d149,200,2021-07-24T00:12:01.398809,,
80396563,application/json,4.258,372060f99be12123dfc701557105d0d78110e039a3830147e6b0e40c21b814fa,bd921c9e4af17cbd6b5b9157178b4cf44945856d6d684ca6845b2d9f973ae902,200,2021-07-25T00:12:28.125511,,
79393839,application/json,3.997,a356bc4a708513f9bcc6bbdd888b643dd8f47ae2da5683a6c39d4c0ab2f22cbd,fd689f1adfdaf3e4aa24d706a5e7193d46b8fde573b2d4a130ceeb872aa7d149,200,2021-07-25T00:12:28.125511,,
80396563,application/json,3.309,372060f99be12123dfc701557105d0d78110e039a3830147e6b0e40c21b814fa,bd921c9e4af17cbd6b5b9157178b4cf44945856d6d684ca6845b2d9f973ae902,200,2021-07-26T00:12:17.448390,,
79393839,application/json,4.151,a356bc4a708513f9bcc6bbdd888b643dd8f47ae2da5683a6c39d4c0ab2f22cbd,fd689f1adfdaf3e4aa24d706a5e7193d46b8fde573b2d4a130ceeb872aa7d149,200,2021-07-26T00:12:17.448390,,
80396563,application/json,4.241,372060f99be12123dfc701557105d0d78110e039a3830147e6b0e40c21b814fa,bd921c9e4af17cbd6b5b9157178b4cf44945856d6d684ca6845b2d9f973ae902,200,2021-07-27T00:12:44.094426,,
79393839,application/json,4.789,a356bc4a708513f9bcc6bbdd888b643dd8f47ae2da5683a6c39d4c0ab2f22cbd,fd689f1adfdaf3e4aa24d706a5e7193d46b8fde573b2d4a130ceeb872aa7d149,200,2021-07-27T00:12:44.094426,,
80396563,application/json,154.783,372060f99be12123dfc701557105d0d78110e039a3830147e6b0e40c21b814fa,bd921c9e4af17cbd6b5b9157178b4cf44945856d6d684ca6845b2d9f973ae902,200,2021-07-28T00:12:30.978787,,
79393839,application/json,10.519,a356bc4a708513f9bcc6bbdd888b643dd8f47ae2da5683a6c39d4c0ab2f22cbd,fd689f1adfdaf3e4aa24d706a5e7193d46b8fde573b2d4a130ceeb872aa7d149,200,2021-07-28T00:12:30.978787,,
80396563,application/json,3.551,372060f99be12123dfc701557105d0d78110e039a3830147e6b0e40c21b814fa,bd921c9e4af17cbd6b5b9157178b4cf44945856d6d684ca6845b2d9f973ae902,200,2021-07-29T00:12:22.246428,,
79393839,application/json,3.902,a356bc4a708513f9bcc6bbdd888b643dd8f47ae2da5683a6c39d4c0ab2f22cbd,fd689f1adfdaf3e4aa24d706a5e7193d46b8fde573b2d4a130ceeb872aa7d149,200,2021-07-29T00:12:22.246428,,
80396563,application/json,4.6,372060f99be12123dfc701557105d0d78110e039a3830147e6b0e40c21b814fa,bd921c9e4af17cbd6b5b9157178b4cf44945856d6d684ca6845b2d9f973ae902,200,2021-07-30T00:13:00.768495,,
79393839,application/json,4.047,a356bc4a708513f9bcc6bbdd888b643dd8f47ae2da5683a6c39d4c0ab2f22cbd,fd689f1adfdaf3e4aa24d706a5e7193d46b8fde573b2d4a130ceeb872aa7d149,200,2021-07-30T00:13:00.768495,,
80396563,application/json,5.048,372060f99be12123dfc701557105d0d78110e039a3830147e6b0e40c21b814fa,bd921c9e4af17cbd6b5b9157178b4cf44945856d6d684ca6845b2d9f973ae902,200,2021-07-31T00:11:42.589910,,
79393839,application/json,4.621,a356bc4a708513f9bcc6bbdd888b643dd8f47ae2da5683a6c39d4c0ab2f22cbd,fd689f1adfdaf3e4aa24d706a5e7193d46b8fde573b2d4a130ceeb872aa7d149,200,2021-07-31T00:11:42.589910,,
80396563,application/json,4.28,372060f99be12123dfc701557105d0d78110e039a3830147e6b0e40c21b814fa,bd921c9e4af17cbd6b5b9157178b4cf44945856d6d684ca6845b2d9f973ae902,200,2021-08-01T00:14:33.319149,,
79393839,application/json,3.662,a356bc4a708513f9bcc6bbdd888b643dd8f47ae2da5683a6c39d4c0ab2f22cbd,fd689f1adfdaf3e4aa24d706a5e7193d46b8fde573b2d4a130ceeb872aa7d149,200,2021-08-01T00:14:33.319149,,
80396563,application/json,3.934,372060f99be12123dfc701557105d0d78110e039a3830147e6b0e40c21b814fa,bd921c9e4af17cbd6b5b9157178b4cf44945856d6d684ca6845b2d9f973ae902,200,2021-08-02T00:13:35.127417,,
79393839,application/json,3.549,a356bc4a708513f9bcc6bbdd888b643dd8f47ae2da5683a6c39d4c0ab2f22cbd,fd689f1adfdaf3e4aa24d706a5e7193d46b8fde573b2d4a130ceeb872aa7d149,200,2021-08-02T00:13:35.127417,,
80396563,application/json,4.367,372060f99be12123dfc701557105d0d78110e039a3830147e6b0e40c21b814fa,bd921c9e4af17cbd6b5b9157178b4cf44945856d6d684ca6845b2d9f973ae902,200,2021-08-03T00:12:44.253159,,
79393839,application/json,4.689,a356bc4a708513f9bcc6bbdd888b643dd8f47ae2da5683a6c39d4c0ab2f22cbd,fd689f1adfdaf3e4aa24d706a5e7193d46b8fde573b2d4a130ceeb872aa7d149,200,2021-08-03T00:12:44.253159,,
80396563,application/json,4.215,372060f99be12123dfc701557105d0d78110e039a3830147e6b0e40c21b814fa,bd921c9e4af17cbd6b5b9157178b4cf44945856d6d684ca6845b2d9f973ae902,200,2021-08-04T00:12:02.447486,,
79393839,application/json,4.149,a356bc4a708513f9bcc6bbdd888b643dd8f47ae2da5683a6c39d4c0ab2f22cbd,fd689f1adfdaf3e4aa24d706a5e7193d46b8fde573b2d4a130ceeb872aa7d149,200,2021-08-04T00:12:02.447486,,
80396563,application/json,3.713,372060f99be12123dfc701557105d0d78110e039a3830147e6b0e40c21b814fa,bd921c9e4af17cbd6b5b9157178b4cf44945856d6d684ca6845b2d9f973ae902,200,2021-08-05T00:13:43.050378,,
79393839,application/json,3.548,a356bc4a708513f9bcc6bbdd888b643dd8f47ae2da5683a6c39d4c0ab2f22cbd,fd689f1adfdaf3e4aa24d706a5e7193d46b8fde573b2d4a130ceeb872aa7d149,200,2021-08-05T00:13:43.050378,,
80396563,application/json,3.33,372060f99be12123dfc701557105d0d78110e039a3830147e6b0e40c21b814fa,bd921c9e4af17cbd6b5b9157178b4cf44945856d6d684ca6845b2d9f973ae902,200,2021-08-06T00:13:02.293453,,
79393839,application/json,4.194,a356bc4a708513f9bcc6bbdd888b643dd8f47ae2da5683a6c39d4c0ab2f22cbd,fd689f1adfdaf3e4aa24d706a5e7193d46b8fde573b2d4a130ceeb872aa7d149,200,2021-08-06T00:13:02.293453,,
80396563,application/json,3.886,372060f99be12123dfc701557105d0d78110e039a3830147e6b0e40c21b814fa,bd921c9e4af17cbd6b5b9157178b4cf44945856d6d684ca6845b2d9f973ae902,200,2021-08-07T00:12:24.579827,,
79393839,application/json,4.017,a356bc4a708513f9bcc6bbdd888b643dd8f47ae2da5683a6c39d4c0ab2f22cbd,fd689f1adfdaf3e4aa24d706a5e7193d46b8fde573b2d4a130ceeb872aa7d149,200,2021-08-07T00:12:24.579827,,
80396563,application/json,3.968,372060f99be12123dfc701557105d0d78110e039a3830147e6b0e40c21b814fa,bd921c9e4af17cbd6b5b9157178b4cf44945856d6d684ca6845b2d9f973ae902,200,2021-08-08T00:13:52.201642,,
79393839,application/json,3.321,a356bc4a708513f9bcc6bbdd888b643dd8f47ae2da5683a6c39d4c0ab2f22cbd,fd689f1adfdaf3e4aa24d706a5e7193d46b8fde573b2d4a130ceeb872aa7d149,200,2021-08-08T00:13:52.201642,,
80396563,application/json,3.567,372060f99be12123dfc701557105d0d78110e039a3830147e6b0e40c21b814fa,bd921c9e4af17cbd6b5b9157178b4cf44945856d6d684ca6845b2d9f973ae902,200,2021-08-09T00:15:10.924158,,
79393839,application/json,3.355,a356bc4a708513f9bcc6bbdd888b643dd8f47ae2da5683a6c39d4c0ab2f22cbd,fd689f1adfdaf3e4aa24d706a5e7193d46b8fde573b2d4a130ceeb872aa7d149,200,2021-08-09T00:15:10.924158,,
80396563,application/json,3.642,372060f99be12123dfc701557105d0d78110e039a3830147e6b0e40c21b814fa,bd921c9e4af17cbd6b5b9157178b4cf44945856d6d684ca6845b2d9f973ae902,200,2021-08-10T00:14:38.825409,,
79393839,application/json,3.473,a356bc4a708513f9bcc6bbdd888b643dd8f47ae2da5683a6c39d4c0ab2f22cbd,fd689f1adfdaf3e4aa24d706a5e7193d46b8fde573b2d4a130ceeb872aa7d149,200,2021-08-10T00:14:38.825409,,
80396563,application/json,4.454,372060f99be12123dfc701557105d0d78110e039a3830147e6b0e40c21b814fa,bd921c9e4af17cbd6b5b9157178b4cf44945856d6d684ca6845b2d9f973ae902,200,2021-08-11T00:21:44.604153,,
79393839,application/json,4.72,a356bc4a708513f9bcc6bbdd888b643dd8f47ae2da5683a6c39d4c0ab2f22cbd,fd689f1adfdaf3e4aa24d706a5e7193d46b8fde573b2d4a130ceeb872aa7d149,200,2021-08-11T00:21:44.604153,,
80396563,application/json,3.985,372060f99be12123dfc701557105d0d78110e039a3830147e6b0e40c21b814fa,bd921c9e4af17cbd6b5b9157178b4cf44945856d6d684ca6845b2d9f973ae902,200,2021-08-12T00:13:36.482784,,
79393839,application/json,3.823,a356bc4a708513f9bcc6bbdd888b643dd8f47ae2da5683a6c39d4c0ab2f22cbd,fd689f1adfdaf3e4aa24d706a5e7193d46b8fde573b2d4a130ceeb872aa7d149,200,2021-08-12T00:13:36.482784,,
80396563,application/json,4.233,372060f99be12123dfc701557105d0d78110e039a3830147e6b0e40c21b814fa,bd921c9e4af17cbd6b5b9157178b4cf44945856d6d684ca6845b2d9f973ae902,200,2021-08-13T00:12:45.856082,,
79393839,application/json,3.845,a356bc4a708513f9bcc6bbdd888b643dd8f47ae2da5683a6c39d4c0ab2f22cbd,fd689f1adfdaf3e4aa24d706a5e7193d46b8fde573b2d4a130ceeb872aa7d149,200,2021-08-13T00:12:45.856082,,
80396563,application/json,3.702,372060f99be12123dfc701557105d0d78110e039a3830147e6b0e40c21b814fa,bd921c9e4af17cbd6b5b9157178b4cf44945856d6d684ca6845b2d9f973ae902,200,2021-08-14T00:12:26.243327,,
79393839,application/json,3.717,a356bc4a708513f9bcc6bbdd888b643dd8f47ae2da5683a6c39d4c0ab2f22cbd,fd689f1adfdaf3e4aa24d706a5e7193d46b8fde573b2d4a130ceeb872aa7d149,200,2021-08-14T00:12:26.243327,,
80396563,application/json,3.852,372060f99be12123dfc701557105d0d78110e039a3830147e6b0e40c21b814fa,bd921c9e4af17cbd6b5b9157178b4cf44945856d6d684ca6845b2d9f973ae902,200,2021-08-15T00:13:35.149735,,
79393839,application/json,3.07,a356bc4a708513f9bcc6bbdd888b643dd8f47ae2da5683a6c39d4c0ab2f22cbd,fd689f1adfdaf3e4aa24d706a5e7193d46b8fde573b2d4a130ceeb872aa7d149,200,2021-08-15T00:13:35.149735,,
80396563,application/json,3.334,372060f99be12123dfc701557105d0d78110e039a3830147e6b0e40c21b814fa,bd921c9e4af17cbd6b5b9157178b4cf44945856d6d684ca6845b2d9f973ae902,200,2021-08-16T00:13:37.494987,,
79393839,application/json,3.394,a356bc4a708513f9bcc6bbdd888b643dd8f47ae2da5683a6c39d4c0ab2f22cbd,fd689f1adfdaf3e4aa24d706a5e7193d46b8fde573b2d4a130ceeb872aa7d149,200,2021-08-16T00:13:37.494987,,
80396563,application/json,4.257,372060f99be12123dfc701557105d0d78110e039a3830147e6b0e40c21b814fa,bd921c9e4af17cbd6b5b9157178b4cf44945856d6d684ca6845b2d9f973ae902,200,2021-08-17T00:14:20.642567,,
79393839,application/json,3.271,a356bc4a708513f9bcc6bbdd888b643dd8f47ae2da5683a6c39d4c0ab2f22cbd,fd689f1adfdaf3e4aa24d706a5e7193d46b8fde573b2d4a130ceeb872aa7d149,200,2021-08-17T00:14:20.642567,,
,application/json; charset=utf-8,0.111,372060f99be12123dfc701557105d0d78110e039a3830147e6b0e40c21b814fa,,404,2021-08-18T00:13:33.979886,,
79393839,application/json,3.704,a356bc4a708513f9bcc6bbdd888b643dd8f47ae2da5683a6c39d4c0ab2f22cbd,fd689f1adfdaf3e4aa24d706a5e7193d46b8fde573b2d4a130ceeb872aa7d149,200,2021-08-18T00:13:33.979886,,
,application/json; charset=utf-8,0.285,372060f99be12123dfc701557105d0d78110e039a3830147e6b0e40c21b814fa,,404,2021-08-19T00:14:48.706320,,
79393839,application/json,3.736,a356bc4a708513f9bcc6bbdd888b643dd8f47ae2da5683a6c39d4c0ab2f22cbd,fd689f1adfdaf3e4aa24d706a5e7193d46b8fde573b2d4a130ceeb872aa7d149,200,2021-08-19T00:14:48.706320,,
,application/json; charset=utf-8,0.078,372060f99be12123dfc701557105d0d78110e039a3830147e6b0e40c21b814fa,,404,2021-08-20T00:12:33.773739,,
79393839,application/json,3.493,a356bc4a708513f9bcc6bbdd888b643dd8f47ae2da5683a6c39d4c0ab2f22cbd,fd689f1adfdaf3e4aa24d706a5e7193d46b8fde573b2d4a130ceeb872aa7d149,200,2021-08-20T00:12:33.773739,,
,application/json; charset=utf-8,0.082,372060f99be12123dfc701557105d0d78110e039a3830147e6b0e40c21b814fa,,404,2021-08-21T00:13:05.145766,,
79393839,application/json,2.945,a356bc4a708513f9bcc6bbdd888b643dd8f47ae2da5683a6c39d4c0ab2f22cbd,fd689f1adfdaf3e4aa24d706a5e7193d46b8fde573b2d4a130ceeb872aa7d149,200,2021-08-21T00:13:05.145766,,
,application/json; charset=utf-8,0.067,372060f99be12123dfc701557105d0d78110e039a3830147e6b0e40c21b814fa,,404,2021-08-22T00:13:28.222503,,
79393839,application/json,3.369,a356bc4a708513f9bcc6bbdd888b643dd8f47ae2da5683a6c39d4c0ab2f22cbd,fd689f1adfdaf3e4aa24d706a5e7193d46b8fde573b2d4a130ceeb872aa7d149,200,2021-08-22T00:13:28.222503,,
,application/json; charset=utf-8,0.09,372060f99be12123dfc701557105d0d78110e039a3830147e6b0e40c21b814fa,,404,2021-08-23T00:13:48.438841,,
79393839,application/json,3.347,a356bc4a708513f9bcc6bbdd888b643dd8f47ae2da5683a6c39d4c0ab2f22cbd,fd689f1adfdaf3e4aa24d706a5e7193d46b8fde573b2d4a130ceeb872aa7d149,200,2021-08-23T00:13:48.438841,,
,application/json; charset=utf-8,0.088,372060f99be12123dfc701557105d0d78110e039a3830147e6b0e40c21b814fa,,404,2021-08-24T00:14:44.790842,,
79393839,application/json,3.509,a356bc4a708513f9bcc6bbdd888b643dd8f47ae2da5683a6c39d4c0ab2f22cbd,fd689f1adfdaf3e4aa24d706a5e7193d46b8fde573b2d4a130ceeb872aa7d149,200,2021-08-24T00:14:44.790842,,
,application/json; charset=utf-8,0.073,372060f99be12123dfc701557105d0d78110e039a3830147e6b0e40c21b814fa,,404,2021-08-25T00:14:21.789579,,
79393839,application/json,4.034,a356bc4a708513f9bcc6bbdd888b643dd8f47ae2da5683a6c39d4c0ab2f22cbd,fd689f1adfdaf3e4aa24d706a5e7193d46b8fde573b2d4a130ceeb872aa7d149,200,2021-08-25T00:14:21.789579,,
,application/json; charset=utf-8,0.112,372060f99be12123dfc701557105d0d78110e039a3830147e6b0e40c21b814fa,,404,2021-08-26T00:12:30.448944,,
79393839,application/json,3.96,a356bc4a708513f9bcc6bbdd888b643dd8f47ae2da5683a6c39d4c0ab2f22cbd,fd689f1adfdaf3e4aa24d706a5e7193d46b8fde573b2d4a130ceeb872aa7d149,200,2021-08-26T00:12:30.448944,,
,application/json; charset=utf-8,0.087,372060f99be12123dfc701557105d0d78110e039a3830147e6b0e40c21b814fa,,404,2021-08-27T00:15:46.107079,,
79393839,application/json,4.219,a356bc4a708513f9bcc6bbdd888b643dd8f47ae2da5683a6c39d4c0ab2f22cbd,fd689f1adfdaf3e4aa24d706a5e7193d46b8fde573b2d4a130ceeb872aa7d149,200,2021-08-27T00:15:46.107079,,
,application/json; charset=utf-8,0.062,372060f99be12123dfc701557105d0d78110e039a3830147e6b0e40c21b814fa,,404,2021-08-28T00:12:54.178366,,
79393839,application/json,4.476,a356bc4a708513f9bcc6bbdd888b643dd8f47ae2da5683a6c39d4c0ab2f22cbd,fd689f1adfdaf3e4aa24d706a5e7193d46b8fde573b2d4a130ceeb872aa7d149,200,2021-08-28T00:12:54.178366,,
,application/json; charset=utf-8,0.089,372060f99be12123dfc701557105d0d78110e039a3830147e6b0e40c21b814fa,,404,2021-08-29T00:14:16.265579,,
79393839,application/json,4.4,a356bc4a708513f9bcc6bbdd888b643dd8f47ae2da5683a6c39d4c0ab2f22cbd,fd689f1adfdaf3e4aa24d706a5e7193d46b8fde573b2d4a130ceeb872aa7d149,200,2021-08-29T00:14:16.265579,,
,application/json; charset=utf-8,0.092,372060f99be12123dfc701557105d0d78110e039a3830147e6b0e40c21b814fa,,404,2021-08-30T00:14:12.690982,,
79393839,application/json,4.014,a356bc4a708513f9bcc6bbdd888b643dd8f47ae2da5683a6c39d4c0ab2f22cbd,fd689f1adfdaf3e4aa24d706a5e7193d46b8fde573b2d4a130ceeb872aa7d149,200,2021-08-30T00:14:12.690982,,
,application/json; charset=utf-8,0.096,372060f99be12123dfc701557105d0d78110e039a3830147e6b0e40c21b814fa,,404,2021-08-31T00:14:02.268011,,
79393839,application/json,3.908,a356bc4a708513f9bcc6bbdd888b643dd8f47ae2da5683a6c39d4c0ab2f22cbd,fd689f1adfdaf3e4aa24d706a5e7193d46b8fde573b2d4a130ceeb872aa7d149,200,2021-08-31T00:14:02.268011,,
,application/json; charset=utf-8,0.07,372060f99be12123dfc701557105d0d78110e039a3830147e6b0e40c21b814fa,,404,2021-09-01T00:14:23.323024,,
79393839,application/json,4.303,a356bc4a708513f9bcc6bbdd888b643dd8f47ae2da5683a6c39d4c0ab2f22cbd,fd689f1adfdaf3e4aa24d706a5e7193d46b8fde573b2d4a130ceeb872aa7d149,200,2021-09-01T00:14:23.323024,,
,application/json; charset=utf-8,0.08,372060f99be12123dfc701557105d0d78110e039a3830147e6b0e40c21b814fa,,404,2021-09-02T00:13:58.727646,,
79393839,application/json,3.923,a356bc4a708513f9bcc6bbdd888b643dd8f47ae2da5683a6c39d4c0ab2f22cbd,fd689f1adfdaf3e4aa24d706a5e7193d46b8fde573b2d4a130ceeb872aa7d149,200,2021-09-02T00:13:58.727646,,
,application/json; charset=utf-8,0.072,372060f99be12123dfc701557105d0d78110e039a3830147e6b0e40c21b814fa,,404,2021-09-03T00:13:27.936346,,
79393839,application/json,3.831,a356bc4a708513f9bcc6bbdd888b643dd8f47ae2da5683a6c39d4c0ab2f22cbd,fd689f1adfdaf3e4aa24d706a5e7193d46b8fde573b2d4a130ceeb872aa7d149,200,2021-09-03T00:13:27.936346,,
,application/json; charset=utf-8,0.283,372060f99be12123dfc701557105d0d78110e039a3830147e6b0e40c21b814fa,,404,2021-09-04T00:13:14.415920,,
79393839,application/json,3.956,a356bc4a708513f9bcc6bbdd888b643dd8f47ae2da5683a6c39d4c0ab2f22cbd,fd689f1adfdaf3e4aa24d706a5e7193d46b8fde573b2d4a130ceeb872aa7d149,200,2021-09-04T00:13:14.415920,,
,application/json; charset=utf-8,0.071,372060f99be12123dfc701557105d0d78110e039a3830147e6b0e40c21b814fa,,404,2021-09-05T00:14:19.847379,,
79393839,application/json,3.895,a356bc4a708513f9bcc6bbdd888b643dd8f47ae2da5683a6c39d4c0ab2f22cbd,fd689f1adfdaf3e4aa24d706a5e7193d46b8fde573b2d4a130ceeb872aa7d149,200,2021-09-05T00:14:19.847379,,
,application/json; charset=utf-8,0.299,372060f99be12123dfc701557105d0d78110e039a3830147e6b0e40c21b814fa,,404,2021-09-06T00:16:44.356257,,
79393839,application/json,3.855,a356bc4a708513f9bcc6bbdd888b643dd8f47ae2da5683a6c39d4c0ab2f22cbd,fd689f1adfdaf3e4aa24d706a5e7193d46b8fde573b2d4a130ceeb872aa7d149,200,2021-09-06T00:16:44.356257,,
,application/json; charset=utf-8,0.073,372060f99be12123dfc701557105d0d78110e039a3830147e6b0e40c21b814fa,,404,2021-09-07T00:13:31.174718,,
79393839,application/json,3.704,a356bc4a708513f9bcc6bbdd888b643dd8f47ae2da5683a6c39d4c0ab2f22cbd,fd689f1adfdaf3e4aa24d706a5e7193d46b8fde573b2d4a130ceeb872aa7d149,200,2021-09-07T00:13:31.174718,,
,application/json; charset=utf-8,0.087,372060f99be12123dfc701557105d0d78110e039a3830147e6b0e40c21b814fa,,404,2021-09-08T00:12:16.776289,,
79393839,application/json,4.388,a356bc4a708513f9bcc6bbdd888b643dd8f47ae2da5683a6c39d4c0ab2f22cbd,fd689f1adfdaf3e4aa24d706a5e7193d46b8fde573b2d4a130ceeb872aa7d149,200,2021-09-08T00:12:16.776289,,
,application/json; charset=utf-8,0.291,372060f99be12123dfc701557105d0d78110e039a3830147e6b0e40c21b814fa,,404,2021-09-09T00:14:42.780695,,
79393839,application/json,4.186,a356bc4a708513f9bcc6bbdd888b643dd8f47ae2da5683a6c39d4c0ab2f22cbd,fd689f1adfdaf3e4aa24d706a5e7193d46b8fde573b2d4a130ceeb872aa7d149,200,2021-09-09T00:14:42.780695,,
,application/json; charset=utf-8,0.088,372060f99be12123dfc701557105d0d78110e039a3830147e6b0e40c21b814fa,,404,2021-09-10T00:15:09.099090,,
79393839,application/json,4.179,a356bc4a708513f9bcc6bbdd888b643dd8f47ae2da5683a6c39d4c0ab2f22cbd,fd689f1adfdaf3e4aa24d706a5e7193d46b8fde573b2d4a130ceeb872aa7d149,200,2021-09-10T00:15:09.099090,,
,application/json; charset=utf-8,0.086,372060f99be12123dfc701557105d0d78110e039a3830147e6b0e40c21b814fa,,404,2021-09-11T00:14:37.174261,,
79393839,application/json,4.064,a356bc4a708513f9bcc6bbdd888b643dd8f47ae2da5683a6c39d4c0ab2f22cbd,fd689f1adfdaf3e4aa24d706a5e7193d46b8fde573b2d4a130ceeb872aa7d149,200,2021-09-11T00:14:37.174261,,
,application/json; charset=utf-8,0.075,372060f99be12123dfc701557105d0d78110e039a3830147e6b0e40c21b814fa,,404,2021-09-12T00:15:43.027992,,
79393839,application/json,3.13,a356bc4a708513f9bcc6bbdd888b643dd8f47ae2da5683a6c39d4c0ab2f22cbd,fd689f1adfdaf3e4aa24d706a5e7193d46b8fde573b2d4a130ceeb872aa7d149,200,2021-09-12T00:15:43.027992,,
,application/json; charset=utf-8,0.068,372060f99be12123dfc701557105d0d78110e039a3830147e6b0e40c21b814fa,,404,2021-09-13T00:14:18.185902,,
79393839,application/json,3.495,a356bc4a708513f9bcc6bbdd888b643dd8f47ae2da5683a6c39d4c0ab2f22cbd,fd689f1adfdaf3e4aa24d706a5e7193d46b8fde573b2d4a130ceeb872aa7d149,200,2021-09-13T00:14:18.185902,,
,application/json; charset=utf-8,0.071,372060f99be12123dfc701557105d0d78110e039a3830147e6b0e40c21b814fa,,404,2021-09-14T00:15:12.070541,,
79393839,application/json,3.943,a356bc4a708513f9bcc6bbdd888b643dd8f47ae2da5683a6c39d4c0ab2f22cbd,fd689f1adfdaf3e4aa24d706a5e7193d46b8fde573b2d4a130ceeb872aa7d149,200,2021-09-14T00:15:12.070541,,
,application/json; charset=utf-8,0.126,372060f99be12123dfc701557105d0d78110e039a3830147e6b0e40c21b814fa,,404,2021-09-15T00:14:12.745552,,
79393839,application/json,2.764,a356bc4a708513f9bcc6bbdd888b643dd8f47ae2da5683a6c39d4c0ab2f22cbd,fd689f1adfdaf3e4aa24d706a5e7193d46b8fde573b2d4a130ceeb872aa7d149,200,2021-09-15T00:14:12.745552,,
,application/json; charset=utf-8,0.087,372060f99be12123dfc701557105d0d78110e039a3830147e6b0e40c21b814fa,,404,2021-09-16T00:14:03.600846,,
79393839,application/json,4.287,a356bc4a708513f9bcc6bbdd888b643dd8f47ae2da5683a6c39d4c0ab2f22cbd,fd689f1adfdaf3e4aa24d706a5e7193d46b8fde573b2d4a130ceeb872aa7d149,200,2021-09-16T00:14:03.600846,,
,application/json; charset=utf-8,0.074,372060f99be12123dfc701557105d0d78110e039a3830147e6b0e40c21b814fa,,404,2021-09-17T00:15:32.954523,,
79393839,application/json,3.642,a356bc4a708513f9bcc6bbdd888b643dd8f47ae2da5683a6c39d4c0ab2f22cbd,fd689f1adfdaf3e4aa24d706a5e7193d46b8fde573b2d4a130ceeb872aa7d149,200,2021-09-17T00:15:32.954523,,
,application/json; charset=utf-8,0.089,372060f99be12123dfc701557105d0d78110e039a3830147e6b0e40c21b814fa,,404,2021-09-18T00:13:38.829909,,
79393839,application/json,4.243,a356bc4a708513f9bcc6bbdd888b643dd8f47ae2da5683a6c39d4c0ab2f22cbd,fd689f1adfdaf3e4aa24d706a5e7193d46b8fde573b2d4a130ceeb872aa7d149,200,2021-09-18T00:13:38.829909,,
,application/json; charset=utf-8,0.073,372060f99be12123dfc701557105d0d78110e039a3830147e6b0e40c21b814fa,,404,2021-09-19T00:15:03.352783,,
79393839,application/json,3.141,a356bc4a708513f9bcc6bbdd888b643dd8f47ae2da5683a6c39d4c0ab2f22cbd,fd689f1adfdaf3e4aa24d706a5e7193d46b8fde573b2d4a130ceeb872aa7d149,200,2021-09-19T00:15:03.352783,,
,application/json; charset=utf-8,0.052,372060f99be12123dfc701557105d0d78110e039a3830147e6b0e40c21b814fa,,404,2021-09-20T00:14:43.543180,,
79393839,application/json,3.056,a356bc4a708513f9bcc6bbdd888b643dd8f47ae2da5683a6c39d4c0ab2f22cbd,fd689f1adfdaf3e4aa24d706a5e7193d46b8fde573b2d4a130ceeb872aa7d149,200,2021-09-20T00:14:43.543180,,
,application/json; charset=utf-8,0.074,372060f99be12123dfc701557105d0d78110e039a3830147e6b0e40c21b814fa,,404,2021-09-21T00:13:51.613457,,
79393839,application/json,5.541,a356bc4a708513f9bcc6bbdd888b643dd8f47ae2da5683a6c39d4c0ab2f22cbd,fd689f1adfdaf3e4aa24d706a5e7193d46b8fde573b2d4a130ceeb872aa7d149,200,2021-09-21T00:13:51.613457,,
,application/json; charset=utf-8,0.312,372060f99be12123dfc701557105d0d78110e039a3830147e6b0e40c21b814fa,,404,2021-09-22T00:15:09.490464,,
79393839,application/json,4.185,a356bc4a708513f9bcc6bbdd888b643dd8f47ae2da5683a6c39d4c0ab2f22cbd,fd689f1adfdaf3e4aa24d706a5e7193d46b8fde573b2d4a130ceeb872aa7d149,200,2021-09-22T00:15:09.490464,,
,application/json; charset=utf-8,0.075,372060f99be12123dfc701557105d0d78110e039a3830147e6b0e40c21b814fa,,404,2021-09-23T00:14:36.002953,,
79393839,application/json,3.238,a356bc4a708513f9bcc6bbdd888b643dd8f47ae2da5683a6c39d4c0ab2f22cbd,fd689f1adfdaf3e4aa24d706a5e7193d46b8fde573b2d4a130ceeb872aa7d149,200,2021-09-23T00:14:36.002953,,
,application/json; charset=utf-8,0.075,372060f99be12123dfc701557105d0d78110e039a3830147e6b0e40c21b814fa,,404,2021-09-24T00:14:04.349007,,
79393839,application/json,4.378,a356bc4a708513f9bcc6bbdd888b643dd8f47ae2da5683a6c39d4c0ab2f22cbd,fd689f1adfdaf3e4aa24d706a5e7193d46b8fde573b2d4a130ceeb872aa7d149,200,2021-09-24T00:14:04.349007,,
,application/json; charset=utf-8,0.053,372060f99be12123dfc701557105d0d78110e039a3830147e6b0e40c21b814fa,,404,2021-09-25T00:14:25.770471,,
79393839,application/json,2.457,a356bc4a708513f9bcc6bbdd888b643dd8f47ae2da5683a6c39d4c0ab2f22cbd,fd689f1adfdaf3e4aa24d706a5e7193d46b8fde573b2d4a130ceeb872aa7d149,200,2021-09-25T00:14:25.770471,,
,application/json; charset=utf-8,0.074,372060f99be12123dfc701557105d0d78110e039a3830147e6b0e40c21b814fa,,404,2021-09-26T00:15:59.982825,,
79393839,application/json,3.253,a356bc4a708513f9bcc6bbdd888b643dd8f47ae2da5683a6c39d4c0ab2f22cbd,fd689f1adfdaf3e4aa24d706a5e7193d46b8fde573b2d4a130ceeb872aa7d149,200,2021-09-26T00:15:59.982825,,
,application/json; charset=utf-8,0.074,372060f99be12123dfc701557105d0d78110e039a3830147e6b0e40c21b814fa,,404,2021-09-27T00:14:45.531763,,
79393839,application/json,3.05,a356bc4a708513f9bcc6bbdd888b643dd8f47ae2da5683a6c39d4c0ab2f22cbd,fd689f1adfdaf3e4aa24d706a5e7193d46b8fde573b2d4a130ceeb872aa7d149,200,2021-09-27T00:14:45.531763,,
,application/json; charset=utf-8,0.278,372060f99be12123dfc701557105d0d78110e039a3830147e6b0e40c21b814fa,,404,2021-09-28T00:14:45.081383,,
79393839,application/json,3.546,a356bc4a708513f9bcc6bbdd888b643dd8f47ae2da5683a6c39d4c0ab2f22cbd,fd689f1adfdaf3e4aa24d706a5e7193d46b8fde573b2d4a130ceeb872aa7d149,200,2021-09-28T00:14:45.081383,,
,application/json; charset=utf-8,0.101,372060f99be12123dfc701557105d0d78110e039a3830147e6b0e40c21b814fa,,404,2021-09-29T00:13:58.058046,,
79393839,application/json,2.997,a356bc4a708513f9bcc6bbdd888b643dd8f47ae2da5683a6c39d4c0ab2f22cbd,fd689f1adfdaf3e4aa24d706a5e7193d46b8fde573b2d4a130ceeb872aa7d149,200,2021-09-29T00:13:58.058046,,
,application/json; charset=utf-8,0.063,372060f99be12123dfc701557105d0d78110e039a3830147e6b0e40c21b814fa,,404,2021-09-30T00:16:10.808749,,
79393839,application/json,3.168,a356bc4a708513f9bcc6bbdd888b643dd8f47ae2da5683a6c39d4c0ab2f22cbd,fd689f1adfdaf3e4aa24d706a5e7193d46b8fde573b2d4a130ceeb872aa7d149,200,2021-09-30T00:16:10.808749,,
,application/json; charset=utf-8,0.295,372060f99be12123dfc701557105d0d78110e039a3830147e6b0e40c21b814fa,,404,2021-10-01T00:15:43.215368,,
79393839,application/json,3.942,a356bc4a708513f9bcc6bbdd888b643dd8f47ae2da5683a6c39d4c0ab2f22cbd,fd689f1adfdaf3e4aa24d706a5e7193d46b8fde573b2d4a130ceeb872aa7d149,200,2021-10-01T00:15:43.215368,,
,application/json; charset=utf-8,0.075,372060f99be12123dfc701557105d0d78110e039a3830147e6b0e40c21b814fa,,404,2021-10-02T00:14:07.107776,,
79393839,application/json,3.999,a356bc4a708513f9bcc6bbdd888b643dd8f47ae2da5683a6c39d4c0ab2f22cbd,fd689f1adfdaf3e4aa24d706a5e7193d46b8fde573b2d4a130ceeb872aa7d149,200,2021-10-02T00:14:07.107776,,
,application/json; charset=utf-8,0.062,372060f99be12123dfc701557105d0d78110e039a3830147e6b0e40c21b814fa,,404,2021-10-03T00:16:29.410270,,
79393839,application/json,2.594,a356bc4a708513f9bcc6bbdd888b643dd8f47ae2da5683a6c39d4c0ab2f22cbd,fd689f1adfdaf3e4aa24d706a5e7193d46b8fde573b2d4a130ceeb872aa7d149,200,2021-10-03T00:16:29.410270,,
,application/json; charset=utf-8,0.099,372060f99be12123dfc701557105d0d78110e039a3830147e6b0e40c21b814fa,,404,2021-10-04T00:15:11.572825,,
79393839,application/json,3.107,a356bc4a708513f9bcc6bbdd888b643dd8f47ae2da5683a6c39d4c0ab2f22cbd,fd689f1adfdaf3e4aa24d706a5e7193d46b8fde573b2d4a130ceeb872aa7d149,200,2021-10-04T00:15:11.572825,,
,application/json; charset=utf-8,0.06,372060f99be12123dfc701557105d0d78110e039a3830147e6b0e40c21b814fa,,404,2021-10-05T00:15:00.134674,,
79393839,application/json,3.374,a356bc4a708513f9bcc6bbdd888b643dd8f47ae2da5683a6c39d4c0ab2f22cbd,fd689f1adfdaf3e4aa24d706a5e7193d46b8fde573b2d4a130ceeb872aa7d149,200,2021-10-05T00:15:00.134674,,
,application/json; charset=utf-8,0.074,372060f99be12123dfc701557105d0d78110e039a3830147e6b0e40c21b814fa,,404,2021-10-06T00:14:44.928328,,
79393839,application/json,3.675,a356bc4a708513f9bcc6bbdd888b643dd8f47ae2da5683a6c39d4c0ab2f22cbd,fd689f1adfdaf3e4aa24d706a5e7193d46b8fde573b2d4a130ceeb872aa7d149,200,2021-10-06T00:14:44.928328,,
